,Isotope,Parent KZA,Number of Reactions (FENDL2),Number of Reactions (FENDL3)
0,H-001,10010,1.0,1.0
1,H-002,10020,2.0,2.0
2,H-003,10030,2.0,1.0
3,He-003,20030,5.0,3.0
4,He-006,20060,1.0,0.0
5,Li-005,30050,2.0,0.0
6,Li-006,30060,8.0,14.0
7,Li-007,30070,7.0,15.0
8,Li-008,30080,1.0,0.0
9,Li-009,30090,2.0,0.0
10,Be-006,40060,2.0,0.0
11,Be-007,40070,5.0,25.0
12,Be-008,40080,1.0,0.0
13,Be-009,40090,10.0,11.0
14,Be-010,40100,8.0,20.0
15,Be-011,40110,2.0,18.0
16,B-008,50080,1.0,0.0
17,B-009,50090,2.0,0.0
18,B-010,50100,12.0,24.0
19,B-011,50110,10.0,18.0
20,B-012,50120,2.0,0.0
21,B-013,50130,2.0,0.0
22,C-009,60090,1.0,0.0
23,C-010,60100,1.0,21.0
24,C-011,60110,1.0,32.0
25,C-012,60120,8.0,16.0
26,C-013,60130,11.0,5.0
27,C-014,60140,9.0,17.0
28,C-015,60150,1.0,20.0
29,N-012,70120,1.0,0.0
30,N-013,70130,1.0,25.0
31,N-014,70140,14.0,40.0
32,N-015,70150,12.0,17.0
33,N-016,70160,2.0,25.0
34,N-017,70170,1.0,25.0
35,N-018,70180,1.0,0.0
36,O-014,80140,1.0,26.0
37,O-015,80150,1.0,29.0
38,O-016,80160,13.0,39.0
39,O-017,80170,13.0,18.0
40,O-018,80180,13.0,24.0
41,O-019,80190,1.0,26.0
42,O-020,80200,1.0,21.0
43,O-021,80210,0.0,16.0
44,O-022,80220,0.0,14.0
45,F-017,90170,1.0,33.0
46,F-018,90180,1.0,35.0
47,F-019,90190,14.0,19.0
48,F-020,90200,1.0,28.0
49,F-021,90210,1.0,23.0
50,F-022,90220,1.0,24.0
51,F-023,90230,1.0,22.0
52,Ne-018,100180,1.0,27.0
53,Ne-019,100190,1.0,32.0
54,Ne-020,100200,14.0,28.0
55,Ne-021,100210,14.0,28.0
56,Ne-022,100220,12.0,24.0
57,Ne-023,100230,1.0,23.0
58,Ne-024,100240,1.0,20.0
59,Ne-025,100250,1.0,0.0
60,Na-020,110200,1.0,0.0
61,Na-021,110210,1.0,33.0
62,Na-022,110220,14.0,35.0
63,Na-023,110230,15.0,27.0
64,Na-024,110240,17.0,27.0
65,Na-024m,110241,2.0,0.0
66,Na-025,110250,1.0,22.0
67,Na-026,110260,1.0,25.0
68,Na-027,110270,1.0,0.0
69,Na-028,110280,1.0,0.0
70,Mg-022,120220,1.0,24.0
71,Mg-023,120230,1.0,34.0
72,Mg-024,120240,15.0,26.0
73,Mg-025,120250,15.0,27.0
74,Mg-026,120260,15.0,22.0
75,Mg-027,120270,1.0,23.0
76,Mg-028,120280,13.0,20.0
77,Mg-029,120290,1.0,25.0
78,Al-024,130240,1.0,34.0
79,Al-024m,130241,2.0,0.0
80,Al-025,130250,1.0,34.0
81,Al-026,130260,16.0,33.0
82,Al-026m,130261,1.0,33.0
83,Al-027,130270,17.0,27.0
84,Al-028,130280,1.0,27.0
85,Al-029,130290,1.0,24.0
86,Al-030,130300,1.0,26.0
87,Al-031,130310,1.0,0.0
88,Al-032,130320,1.0,0.0
89,Si-026,140260,1.0,26.0
90,Si-027,140270,1.0,32.0
91,Si-028,140280,15.0,24.0
92,Si-029,140290,14.0,25.0
93,Si-030,140300,13.0,21.0
94,Si-031,140310,13.0,23.0
95,Si-032,140320,13.0,21.0
96,Si-033,140330,1.0,23.0
97,Si-034,140340,1.0,20.0
98,P-028,150280,1.0,0.0
99,P-029,150290,1.0,28.0
100,P-030,150300,1.0,32.0
101,P-031,150310,15.0,29.0
102,P-032,150320,16.0,28.0
103,P-033,150330,16.0,27.0
104,P-034,150340,1.0,26.0
105,P-035,150350,1.0,22.0
106,P-036,150360,1.0,25.0
107,P-037,150370,0.0,24.0
108,S-030,160300,1.0,31.0
109,S-031,160310,1.0,30.0
110,S-032,160320,14.0,30.0
111,S-033,160330,14.0,32.0
112,S-034,160340,14.0,27.0
113,S-035,160350,16.0,28.0
114,S-036,160360,14.0,23.0
115,S-037,160370,1.0,25.0
116,S-038,160380,1.0,22.0
117,S-039,160390,1.0,25.0
118,S-040,160400,1.0,22.0
119,S-041,160410,0.0,22.0
120,S-042,160420,0.0,20.0
121,Cl-032,170320,1.0,0.0
122,Cl-033,170330,1.0,29.0
123,Cl-034,170340,1.0,34.0
124,Cl-034m,170341,2.0,34.0
125,Cl-035,170350,16.0,32.0
126,Cl-036,170360,16.0,33.0
127,Cl-037,170370,17.0,31.0
128,Cl-038,170380,1.0,32.0
129,Cl-038m,170381,1.0,0.0
130,Cl-039,170390,1.0,28.0
131,Cl-040,170400,1.0,26.0
132,Cl-041,170410,1.0,23.0
133,Cl-042,170420,1.0,24.0
134,Cl-043,170430,0.0,22.0
135,Ar-034,180340,1.0,0.0
136,Ar-035,180350,1.0,29.0
137,Ar-036,180360,15.0,32.0
138,Ar-037,180370,14.0,34.0
139,Ar-038,180380,15.0,30.0
140,Ar-039,180390,17.0,34.0
141,Ar-040,180400,17.0,29.0
142,Ar-041,180410,17.0,29.0
143,Ar-042,180420,15.0,23.0
144,Ar-043,180430,1.0,23.0
145,Ar-044,180440,1.0,20.0
146,Ar-045,180450,1.0,22.0
147,Ar-046,180460,1.0,20.0
148,Ar-047,180470,0.0,22.0
149,K-036,190360,4.0,0.0
150,K-037,190370,1.0,34.0
151,K-038,190380,1.0,33.0
152,K-038m,190381,1.0,0.0
153,K-039,190390,16.0,32.0
154,K-040,190400,17.0,35.0
155,K-041,190410,17.0,32.0
156,K-042,190420,18.0,31.0
157,K-043,190430,17.0,30.0
158,K-044,190440,1.0,28.0
159,K-045,190450,1.0,23.0
160,K-046,190460,1.0,24.0
161,K-047,190470,1.0,22.0
162,K-048,190480,1.0,24.0
163,K-049,190490,0.0,23.0
164,Ca-038,200380,1.0,0.0
165,Ca-039,200390,1.0,0.0
166,Ca-040,200400,15.0,31.0
167,Ca-041,200410,14.0,34.0
168,Ca-042,200420,14.0,31.0
169,Ca-043,200430,14.0,33.0
170,Ca-044,200440,15.0,27.0
171,Ca-045,200450,16.0,27.0
172,Ca-046,200460,14.0,22.0
173,Ca-047,200470,14.0,24.0
174,Ca-048,200480,12.0,20.0
175,Ca-049,200490,1.0,22.0
176,Ca-050,200500,0.0,21.0
177,Ca-051,200510,0.0,23.0
178,Ca-052,200520,0.0,21.0
179,Sc-040,210400,4.0,0.0
180,Sc-041,210410,1.0,0.0
181,Sc-042,210420,1.0,0.0
182,Sc-042m,210421,1.0,37.0
183,Sc-043,210430,1.0,36.0
184,Sc-044,210440,1.0,35.0
185,Sc-044m,210441,17.0,36.0
186,Sc-045,210450,18.0,32.0
187,Sc-045m,210451,1.0,0.0
188,Sc-046,210460,18.0,31.0
189,Sc-046m,210461,1.0,32.0
190,Sc-047,210470,17.0,27.0
191,Sc-048,210480,18.0,28.0
192,Sc-049,210490,1.0,25.0
193,Sc-050,210500,1.0,27.0
194,Sc-050m,210501,2.0,0.0
195,Sc-051,210510,0.0,24.0
196,Sc-052,210520,0.0,25.0
197,Sc-053,210530,0.0,17.0
198,Ti-042,220420,1.0,0.0
199,Ti-043,220430,1.0,0.0
200,Ti-044,220440,16.0,33.0
201,Ti-045,220450,16.0,34.0
202,Ti-046,220460,17.0,29.0
203,Ti-047,220470,16.0,33.0
204,Ti-048,220480,15.0,25.0
205,Ti-048m,220481,0.0,35.0
206,Ti-049,220490,14.0,26.0
207,Ti-050,220500,16.0,24.0
208,Ti-051,220510,1.0,27.0
209,Ti-052,220520,1.0,26.0
210,Ti-053,220530,1.0,28.0
211,Ti-054,220540,0.0,21.0
212,Ti-055,220550,0.0,27.0
213,V-044,230440,3.0,0.0
214,V-045,230450,1.0,0.0
215,V-046,230460,1.0,0.0
216,V-047,230470,1.0,34.0
217,V-048,230480,17.0,34.0
218,V-049,230490,16.0,31.0
219,V-050,230500,16.0,32.0
220,V-051,230510,15.0,29.0
221,V-052,230520,1.0,32.0
222,V-053,230530,1.0,30.0
223,V-054,230540,1.0,30.0
224,V-055,230550,0.0,29.0
225,Cr-046,240460,1.0,0.0
226,Cr-047,240470,1.0,0.0
227,Cr-048,240480,14.0,32.0
228,Cr-049,240490,1.0,34.0
229,Cr-050,240500,14.0,29.0
230,Cr-051,240510,14.0,32.0
231,Cr-052,240520,14.0,27.0
232,Cr-053,240530,14.0,30.0
233,Cr-054,240540,15.0,28.0
234,Cr-055,240550,1.0,30.0
235,Cr-056,240560,1.0,27.0
236,Cr-057,240570,1.0,28.0
237,Cr-058,240580,1.0,25.0
238,Cr-059,240590,0.0,27.0
239,Mn-048,250480,1.0,0.0
240,Mn-049,250490,1.0,0.0
241,Mn-050,250500,1.0,0.0
242,Mn-050m,250501,1.0,33.0
243,Mn-051,250510,1.0,32.0
244,Mn-052,250520,15.0,33.0
245,Mn-052m,250521,2.0,33.0
246,Mn-053,250530,15.0,30.0
247,Mn-054,250540,15.0,34.0
248,Mn-055,250550,16.0,32.0
249,Mn-056,250560,1.0,32.0
250,Mn-057,250570,1.0,31.0
251,Mn-058,250580,1.0,31.0
252,Mn-058m,250581,1.0,31.0
253,Mn-059,250590,1.0,29.0
254,Mn-060,250600,1.0,0.0
255,Mn-060m,250601,0.0,29.0
256,Fe-050,260500,1.0,0.0
257,Fe-051,260510,1.0,0.0
258,Fe-052,260520,1.0,31.0
259,Fe-052m,260521,2.0,35.0
260,Fe-053,260530,1.0,34.0
261,Fe-053m,260531,1.0,34.0
262,Fe-054,260540,16.0,30.0
263,Fe-055,260550,14.0,33.0
264,Fe-056,260560,12.0,29.0
265,Fe-057,260570,15.0,33.0
266,Fe-058,260580,16.0,29.0
267,Fe-059,260590,17.0,30.0
268,Fe-060,260600,17.0,27.0
269,Fe-061,260610,1.0,29.0
270,Fe-062,260620,1.0,25.0
271,Fe-063,260630,1.0,26.0
272,Fe-064,260640,1.0,22.0
273,Fe-065,260650,1.0,0.0
274,Fe-065m,260651,0.0,25.0
275,Co-054,270540,1.0,0.0
276,Co-054m,270541,1.0,32.0
277,Co-055,270550,17.0,32.0
278,Co-056,270560,15.0,33.0
279,Co-057,270570,16.0,34.0
280,Co-058,270580,16.0,34.0
281,Co-058m,270581,16.0,34.0
282,Co-059,270590,19.0,32.0
283,Co-060,270600,20.0,34.0
284,Co-060m,270601,2.0,34.0
285,Co-061,270610,1.0,31.0
286,Co-062,270620,1.0,31.0
287,Co-062m,270621,2.0,31.0
288,Co-063,270630,1.0,28.0
289,Co-064,270640,1.0,0.0
290,Co-065,270650,1.0,25.0
291,Co-066,270660,1.0,0.0
292,Co-068m,270681,0.0,25.0
293,Ni-055,280550,1.0,0.0
294,Ni-056,280560,17.0,31.0
295,Ni-057,280570,15.0,33.0
296,Ni-058,280580,16.0,31.0
297,Ni-059,280590,15.0,33.0
298,Ni-060,280600,16.0,32.0
299,Ni-061,280610,16.0,34.0
300,Ni-062,280620,17.0,30.0
301,Ni-063,280630,17.0,33.0
302,Ni-064,280640,17.0,29.0
303,Ni-065,280650,1.0,28.0
304,Ni-066,280660,16.0,25.0
305,Ni-067,280670,1.0,23.0
306,Ni-068,280680,1.0,22.0
307,Ni-069,280690,1.0,24.0
308,Ni-070,280700,1.0,22.0
309,Ni-071,280710,1.0,24.0
310,Ni-071m,280711,0.0,24.0
311,Ni-072,280720,0.0,23.0
312,Cu-056,290560,1.0,0.0
313,Cu-057,290570,1.0,0.0
314,Cu-058,290580,1.0,32.0
315,Cu-059,290590,1.0,31.0
316,Cu-060,290600,1.0,34.0
317,Cu-061,290610,1.0,34.0
318,Cu-062,290620,1.0,34.0
319,Cu-063,290630,17.0,34.0
320,Cu-064,290640,19.0,35.0
321,Cu-065,290650,17.0,32.0
322,Cu-066,290660,1.0,34.0
323,Cu-067,290670,18.0,31.0
324,Cu-068,290680,1.0,29.0
325,Cu-068m,290681,2.0,30.0
326,Cu-069,290690,1.0,27.0
327,Cu-070,290700,1.0,27.0
328,Cu-070m,290701,1.0,27.0
329,Cu-070n,290702,0.0,27.0
330,Cu-071,290710,1.0,25.0
331,Cu-072,290720,1.0,25.0
332,Cu-073,290730,0.0,24.0
333,Cu-074,290740,0.0,17.0
334,Cu-075,290750,0.0,24.0
335,Cu-076m,290761,0.0,25.0
336,Zn-058,300580,1.0,0.0
337,Zn-059,300590,1.0,0.0
338,Zn-060,300600,1.0,31.0
339,Zn-061,300610,1.0,34.0
340,Zn-062,300620,1.0,34.0
341,Zn-063,300630,1.0,35.0
342,Zn-064,300640,14.0,34.0
343,Zn-065,300650,15.0,35.0
344,Zn-066,300660,15.0,35.0
345,Zn-067,300670,16.0,35.0
346,Zn-068,300680,18.0,34.0
347,Zn-069,300690,1.0,35.0
348,Zn-069m,300691,19.0,35.0
349,Zn-070,300700,19.0,31.0
350,Zn-071,300710,1.0,30.0
351,Zn-071m,300711,2.0,30.0
352,Zn-072,300720,20.0,26.0
353,Zn-073,300730,1.0,26.0
354,Zn-073m,300731,2.0,27.0
355,Zn-074,300740,1.0,24.0
356,Zn-075,300750,1.0,26.0
357,Zn-076,300760,1.0,22.0
358,Zn-077,300770,0.0,24.0
359,Zn-077m,300771,0.0,25.0
360,Zn-078,300780,0.0,23.0
361,Ga-063,310630,0.0,32.0
362,Ga-064,310640,1.0,36.0
363,Ga-065,310650,1.0,36.0
364,Ga-066,310660,1.0,36.0
365,Ga-067,310670,15.0,34.0
366,Ga-068,310680,1.0,35.0
367,Ga-069,310690,18.0,35.0
368,Ga-070,310700,2.0,35.0
369,Ga-071,310710,20.0,34.0
370,Ga-072,310720,21.0,34.0
371,Ga-073,310730,2.0,32.0
372,Ga-074,310740,1.0,30.0
373,Ga-074m,310741,1.0,30.0
374,Ga-075,310750,2.0,27.0
375,Ga-076,310760,1.0,27.0
376,Ga-077,310770,1.0,25.0
377,Ga-078,310780,0.0,24.0
378,Ga-079,310790,0.0,24.0
379,Ga-080,310800,0.0,75.0
380,Ga-081,310810,0.0,24.0
381,Ge-064,320640,0.0,32.0
382,Ge-065,320650,0.0,35.0
383,Ge-066,320660,1.0,32.0
384,Ge-067,320670,1.0,37.0
385,Ge-068,320680,15.0,35.0
386,Ge-069,320690,14.0,36.0
387,Ge-070,320700,15.0,34.0
388,Ge-071,320710,17.0,36.0
389,Ge-072,320720,18.0,35.0
390,Ge-073,320730,19.0,36.0
391,Ge-073m,320731,1.0,0.0
392,Ge-074,320740,20.0,31.0
393,Ge-075,320750,1.0,34.0
394,Ge-075m,320751,2.0,34.0
395,Ge-076,320760,19.0,29.0
396,Ge-077,320770,21.0,28.0
397,Ge-077m,320771,2.0,28.0
398,Ge-078,320780,1.0,24.0
399,Ge-079,320790,1.0,26.0
400,Ge-079m,320791,2.0,26.0
401,Ge-080,320800,1.0,24.0
402,Ge-081,320810,1.0,25.0
403,Ge-081m,320811,1.0,26.0
404,Ge-082,320820,0.0,23.0
405,Ge-083,320830,0.0,25.0
406,As-067,330670,0.0,32.0
407,As-068,330680,1.0,38.0
408,As-069,330690,1.0,36.0
409,As-070,330700,1.0,38.0
410,As-071,330710,15.0,36.0
411,As-072,330720,15.0,36.0
412,As-073,330730,17.0,35.0
413,As-074,330740,18.0,36.0
414,As-075,330750,19.0,35.0
415,As-076,330760,20.0,35.0
416,As-077,330770,21.0,32.0
417,As-078,330780,1.0,33.0
418,As-079,330790,2.0,30.0
419,As-080,330800,1.0,28.0
420,As-081,330810,2.0,26.0
421,As-082,330820,1.0,27.0
422,As-082m,330821,1.0,27.0
423,As-083,330830,0.0,25.0
424,As-084,330840,0.0,25.0
425,As-085,330850,0.0,19.0
426,Se-068,340680,0.0,30.0
427,Se-069,340690,0.0,33.0
428,Se-070,340700,1.0,32.0
429,Se-071,340710,1.0,36.0
430,Se-072,340720,15.0,35.0
431,Se-073,340730,15.0,36.0
432,Se-073m,340731,2.0,36.0
433,Se-074,340740,17.0,34.0
434,Se-075,340750,15.0,35.0
435,Se-076,340760,19.0,34.0
436,Se-077,340770,18.0,35.0
437,Se-077m,340771,1.0,35.0
438,Se-078,340780,19.0,33.0
439,Se-079,340790,20.0,35.0
440,Se-079m,340791,1.0,35.0
441,Se-080,340800,19.0,31.0
442,Se-081,340810,1.0,30.0
443,Se-081m,340811,2.0,31.0
444,Se-082,340820,21.0,26.0
445,Se-083,340830,1.0,27.0
446,Se-083m,340831,1.0,27.0
447,Se-084,340840,1.0,24.0
448,Se-085,340850,1.0,18.0
449,Se-086,340860,0.0,25.0
450,Se-087,340870,0.0,18.0
451,Se-088,340880,0.0,25.0
452,Br-070m,350701,0.0,31.0
453,Br-071,350710,0.0,36.0
454,Br-072,350720,1.0,30.0
455,Br-072m,350721,1.0,30.0
456,Br-073,350730,1.0,36.0
457,Br-074,350740,1.0,38.0
458,Br-074m,350741,1.0,37.0
459,Br-075,350750,1.0,36.0
460,Br-076,350760,18.0,36.0
461,Br-076m,350761,2.0,36.0
462,Br-077,350770,18.0,34.0
463,Br-077m,350771,1.0,34.0
464,Br-078,350780,2.0,36.0
465,Br-079,350790,21.0,35.0
466,Br-079m,350791,1.0,35.0
467,Br-080,350800,2.0,35.0
468,Br-080m,350801,1.0,35.0
469,Br-081,350810,21.0,34.0
470,Br-082,350820,21.0,33.0
471,Br-082m,350821,2.0,34.0
472,Br-083,350830,2.0,31.0
473,Br-084,350840,1.0,30.0
474,Br-084m,350841,1.0,31.0
475,Br-085,350850,2.0,27.0
476,Br-086,350860,1.0,27.0
477,Br-087,350870,0.0,26.0
478,Br-088,350880,0.0,27.0
479,Br-089,350890,0.0,19.0
480,Br-090,350900,0.0,19.0
481,Kr-072,360720,0.0,30.0
482,Kr-073,360730,0.0,35.0
483,Kr-074,360740,1.0,33.0
484,Kr-075,360750,1.0,35.0
485,Kr-076,360760,17.0,34.0
486,Kr-077,360770,1.0,35.0
487,Kr-078,360780,18.0,33.0
488,Kr-079,360790,20.0,34.0
489,Kr-079m,360791,1.0,34.0
490,Kr-080,360800,20.0,32.0
491,Kr-081,360810,21.0,35.0
492,Kr-081m,360811,2.0,35.0
493,Kr-082,360820,21.0,32.0
494,Kr-083,360830,22.0,35.0
495,Kr-083m,360831,1.0,35.0
496,Kr-084,360840,22.0,30.0
497,Kr-085,360850,21.0,31.0
498,Kr-085m,360851,2.0,31.0
499,Kr-086,360860,19.0,27.0
500,Kr-087,360870,1.0,29.0
501,Kr-088,360880,1.0,25.0
502,Kr-089,360890,1.0,27.0
503,Kr-090,360900,0.0,26.0
504,Kr-091,360910,0.0,27.0
505,Kr-092,360920,0.0,25.0
506,Kr-093,360930,0.0,26.0
507,Rb-075,370750,0.0,32.0
508,Rb-076,370760,0.0,36.0
509,Rb-077,370770,0.0,36.0
510,Rb-078,370780,1.0,36.0
511,Rb-078m,370781,2.0,36.0
512,Rb-079,370790,1.0,36.0
513,Rb-080,370800,1.0,35.0
514,Rb-081,370810,1.0,34.0
515,Rb-081m,370811,2.0,34.0
516,Rb-082,370820,1.0,34.0
517,Rb-082m,370821,1.0,34.0
518,Rb-083,370830,22.0,34.0
519,Rb-084,370840,21.0,34.0
520,Rb-084m,370841,1.0,35.0
521,Rb-085,370850,22.0,34.0
522,Rb-086,370860,22.0,33.0
523,Rb-086m,370861,1.0,35.0
524,Rb-087,370870,20.0,31.0
525,Rb-088,370880,1.0,33.0
526,Rb-089,370890,1.0,30.0
527,Rb-090,370900,1.0,30.0
528,Rb-090m,370901,2.0,30.0
529,Rb-091,370910,0.0,30.0
530,Rb-092,370920,0.0,27.0
531,Rb-093,370930,0.0,28.0
532,Rb-094,370940,0.0,28.0
533,Sr-076,380760,0.0,28.0
534,Sr-077,380770,0.0,30.0
535,Sr-078,380780,0.0,32.0
536,Sr-079,380790,0.0,34.0
537,Sr-080,380800,1.0,34.0
538,Sr-081,380810,1.0,34.0
539,Sr-082,380820,19.0,33.0
540,Sr-083,380830,19.0,33.0
541,Sr-083m,380831,1.0,34.0
542,Sr-084,380840,20.0,32.0
543,Sr-085,380850,18.0,33.0
544,Sr-085m,380851,2.0,33.0
545,Sr-086,380860,20.0,31.0
546,Sr-087,380870,18.0,32.0
547,Sr-087m,380871,2.0,33.0
548,Sr-088,380880,17.0,30.0
549,Sr-089,380890,19.0,32.0
550,Sr-090,380900,18.0,32.0
551,Sr-091,380910,2.0,30.0
552,Sr-092,380920,1.0,29.0
553,Sr-093,380930,2.0,29.0
554,Sr-094,380940,1.0,26.0
555,Sr-095,380950,1.0,27.0
556,Sr-096,380960,2.0,26.0
557,Y-078m,390781,0.0,28.0
558,Y-079,390790,0.0,29.0
559,Y-080,390800,0.0,36.0
560,Y-080m,390801,0.0,31.0
561,Y-081,390810,0.0,36.0
562,Y-082,390820,1.0,31.0
563,Y-083,390830,1.0,34.0
564,Y-083m,390831,1.0,35.0
565,Y-084,390840,1.0,35.0
566,Y-084m,390841,1.0,35.0
567,Y-085,390850,1.0,34.0
568,Y-085m,390851,1.0,34.0
569,Y-086,390860,21.0,34.0
570,Y-086m,390861,2.0,34.0
571,Y-087,390870,21.0,34.0
572,Y-087m,390871,2.0,34.0
573,Y-088,390880,19.0,34.0
574,Y-089,390890,19.0,32.0
575,Y-089m,390891,1.0,33.0
576,Y-090,390900,22.0,35.0
577,Y-090m,390901,1.0,35.0
578,Y-091,390910,21.0,35.0
579,Y-091m,390911,1.0,36.0
580,Y-092,390920,1.0,34.0
581,Y-093,390930,1.0,34.0
582,Y-093m,390931,1.0,0.0
583,Y-094,390940,1.0,32.0
584,Y-095,390950,1.0,28.0
585,Y-096,390960,1.0,28.0
586,Y-096m,390961,1.0,29.0
587,Y-096n,390962,1.0,0.0
588,Y-097,390970,2.0,28.0
589,Y-097m,390971,3.0,28.0
590,Y-098m,390981,0.0,28.0
591,Y-099,390990,0.0,28.0
592,Zr-080,400800,0.0,34.0
593,Zr-081,400810,0.0,30.0
594,Zr-082,400820,0.0,29.0
595,Zr-083,400830,0.0,34.0
596,Zr-084,400840,1.0,34.0
597,Zr-085,400850,1.0,34.0
598,Zr-085m,400851,1.0,34.0
599,Zr-086,400860,21.0,32.0
600,Zr-087,400870,1.0,33.0
601,Zr-087m,400871,1.0,33.0
602,Zr-088,400880,20.0,32.0
603,Zr-089,400890,20.0,33.0
604,Zr-089m,400891,2.0,33.0
605,Zr-090,400900,19.0,31.0
606,Zr-090m,400901,1.0,0.0
607,Zr-091,400910,20.0,34.0
608,Zr-092,400920,20.0,35.0
609,Zr-093,400930,21.0,35.0
610,Zr-094,400940,18.0,36.0
611,Zr-095,400950,19.0,35.0
612,Zr-096,400960,19.0,29.0
613,Zr-097,400970,21.0,30.0
614,Zr-098,400980,1.0,27.0
615,Zr-099,400990,2.0,28.0
616,Zr-100,401000,0.0,27.0
617,Zr-101,401010,0.0,27.0
618,Zr-102,401020,0.0,26.0
619,Zr-103,401030,0.0,25.0
620,Nb-083,410830,0.0,36.0
621,Nb-084,410840,0.0,30.0
622,Nb-085,410850,0.0,27.0
623,Nb-086,410860,1.0,35.0
624,Nb-086m,410861,0.0,35.0
625,Nb-087,410870,1.0,34.0
626,Nb-087m,410871,1.0,34.0
627,Nb-088,410880,1.0,34.0
628,Nb-088m,410881,1.0,27.0
629,Nb-089,410890,1.0,34.0
630,Nb-089m,410891,1.0,34.0
631,Nb-090,410900,22.0,34.0
632,Nb-090m,410901,1.0,34.0
633,Nb-091,410910,22.0,34.0
634,Nb-091m,410911,22.0,34.0
635,Nb-092,410920,23.0,34.0
636,Nb-092m,410921,23.0,34.0
637,Nb-093,410930,24.0,35.0
638,Nb-093m,410931,24.0,35.0
639,Nb-094,410940,24.0,35.0
640,Nb-094m,410941,2.0,35.0
641,Nb-095,410950,22.0,36.0
642,Nb-095m,410951,22.0,37.0
643,Nb-096,410960,21.0,36.0
644,Nb-097,410970,1.0,36.0
645,Nb-097m,410971,1.0,37.0
646,Nb-098,410980,1.0,36.0
647,Nb-098m,410981,1.0,36.0
648,Nb-099,410990,1.0,33.0
649,Nb-099m,410991,1.0,35.0
650,Nb-100,411000,1.0,33.0
651,Nb-100m,411001,1.0,33.0
652,Nb-101,411010,0.0,28.0
653,Nb-102,411020,0.0,28.0
654,Nb-102m,411021,0.0,28.0
655,Nb-103,411030,0.0,27.0
656,Nb-104,411040,0.0,27.0
657,Nb-105,411050,0.0,27.0
658,Nb-106,411060,0.0,19.0
659,Mo-084,420840,0.0,27.0
660,Mo-085,420850,0.0,26.0
661,Mo-086,420860,0.0,27.0
662,Mo-087,420870,0.0,28.0
663,Mo-088,420880,1.0,31.0
664,Mo-089,420890,1.0,34.0
665,Mo-090,420900,1.0,33.0
666,Mo-091,420910,1.0,33.0
667,Mo-091m,420911,2.0,33.0
668,Mo-092,420920,21.0,32.0
669,Mo-093,420930,22.0,34.0
670,Mo-093m,420931,2.0,35.0
671,Mo-094,420940,22.0,35.0
672,Mo-095,420950,20.0,35.0
673,Mo-096,420960,19.0,36.0
674,Mo-097,420970,19.0,37.0
675,Mo-098,420980,19.0,36.0
676,Mo-099,420990,21.0,36.0
677,Mo-100,421000,20.0,35.0
678,Mo-101,421010,1.0,33.0
679,Mo-102,421020,1.0,27.0
680,Mo-103,421030,1.0,28.0
681,Mo-104,421040,1.0,26.0
682,Mo-105,421050,1.0,27.0
683,Mo-106,421060,0.0,26.0
684,Mo-107,421070,0.0,27.0
685,Mo-108,421080,0.0,26.0
686,Tc-087,430870,0.0,32.0
687,Tc-088,430880,0.0,30.0
688,Tc-088m,430881,0.0,28.0
689,Tc-089,430890,0.0,33.0
690,Tc-089m,430891,0.0,29.0
691,Tc-090,430900,0.0,35.0
692,Tc-090m,430901,0.0,29.0
693,Tc-090n,430902,0.0,32.0
694,Tc-091,430910,0.0,34.0
695,Tc-091m,430911,0.0,34.0
696,Tc-092,430920,1.0,34.0
697,Tc-093,430930,1.0,34.0
698,Tc-093m,430931,2.0,34.0
699,Tc-094,430940,1.0,34.0
700,Tc-094m,430941,1.0,34.0
701,Tc-095,430950,24.0,35.0
702,Tc-095m,430951,24.0,35.0
703,Tc-096,430960,25.0,35.0
704,Tc-096m,430961,2.0,35.0
705,Tc-097,430970,22.0,36.0
706,Tc-097m,430971,22.0,36.0
707,Tc-098,430980,23.0,37.0
708,Tc-099,430990,22.0,36.0
709,Tc-099m,430991,2.0,36.0
710,Tc-100,431000,1.0,36.0
711,Tc-101,431010,1.0,37.0
712,Tc-102,431020,1.0,36.0
713,Tc-102m,431021,2.0,36.0
714,Tc-103,431030,1.0,31.0
715,Tc-104,431040,1.0,31.0
716,Tc-105,431050,1.0,28.0
717,Tc-106,431060,1.0,28.0
718,Tc-107,431070,0.0,26.0
719,Tc-108,431080,0.0,27.0
720,Tc-109,431090,0.0,28.0
721,Ru-088,440880,0.0,34.0
722,Ru-089,440890,0.0,30.0
723,Ru-090,440900,0.0,27.0
724,Ru-091,440910,0.0,30.0
725,Ru-092,440920,0.0,29.0
726,Ru-093,440930,0.0,34.0
727,Ru-093m,440931,0.0,29.0
728,Ru-094,440940,1.0,33.0
729,Ru-095,440950,1.0,33.0
730,Ru-096,440960,19.0,34.0
731,Ru-097,440970,21.0,35.0
732,Ru-098,440980,17.0,35.0
733,Ru-099,440990,19.0,37.0
734,Ru-100,441000,17.0,36.0
735,Ru-101,441010,17.0,36.0
736,Ru-102,441020,18.0,36.0
737,Ru-103,441030,19.0,36.0
738,Ru-104,441040,17.0,35.0
739,Ru-105,441050,19.0,32.0
740,Ru-106,441060,17.0,28.0
741,Ru-107,441070,1.0,29.0
742,Ru-108,441080,1.0,27.0
743,Ru-109,441090,1.0,28.0
744,Ru-109m,441091,1.0,0.0
745,Ru-110,441100,1.0,25.0
746,Ru-111,441110,1.0,27.0
747,Ru-112,441120,0.0,26.0
748,Rh-091,450910,0.0,35.0
749,Rh-091m,450911,0.0,28.0
750,Rh-092,450920,0.0,30.0
751,Rh-093,450930,0.0,33.0
752,Rh-094,450940,0.0,34.0
753,Rh-094m,450941,0.0,35.0
754,Rh-095,450950,0.0,34.0
755,Rh-095m,450951,0.0,34.0
756,Rh-096,450960,1.0,34.0
757,Rh-096m,450961,2.0,34.0
758,Rh-097,450970,1.0,34.0
759,Rh-097m,450971,2.0,34.0
760,Rh-098,450980,1.0,34.0
761,Rh-098m,450981,1.0,34.0
762,Rh-099,450990,22.0,35.0
763,Rh-099m,450991,22.0,35.0
764,Rh-100,451000,23.0,36.0
765,Rh-100m,451001,2.0,36.0
766,Rh-101,451010,22.0,35.0
767,Rh-101m,451011,22.0,35.0
768,Rh-102,451020,21.0,36.0
769,Rh-102m,451021,22.0,37.0
770,Rh-103,451030,22.0,36.0
771,Rh-103m,451031,1.0,36.0
772,Rh-104,451040,2.0,36.0
773,Rh-104m,451041,2.0,36.0
774,Rh-105,451050,22.0,36.0
775,Rh-105m,451051,1.0,36.0
776,Rh-106,451060,1.0,30.0
777,Rh-106m,451061,1.0,34.0
778,Rh-107,451070,1.0,33.0
779,Rh-108,451080,1.0,33.0
780,Rh-108m,451081,1.0,33.0
781,Rh-109,451090,1.0,28.0
782,Rh-110,451100,1.0,29.0
783,Rh-110m,451101,1.0,29.0
784,Rh-111,451110,1.0,27.0
785,Rh-112,451120,1.0,28.0
786,Rh-112m,451121,0.0,28.0
787,Rh-113,451130,0.0,26.0
788,Rh-114,451140,0.0,27.0
789,Rh-114m,451141,0.0,27.0
790,Pd-092,460920,0.0,25.0
791,Pd-093,460930,0.0,34.0
792,Pd-094,460940,0.0,33.0
793,Pd-095,460950,0.0,34.0
794,Pd-095m,460951,0.0,34.0
795,Pd-096,460960,0.0,32.0
796,Pd-097,460970,0.0,33.0
797,Pd-098,460980,1.0,34.0
798,Pd-099,460990,1.0,34.0
799,Pd-100,461000,17.0,34.0
800,Pd-101,461010,20.0,37.0
801,Pd-102,461020,20.0,35.0
802,Pd-103,461030,20.0,36.0
803,Pd-104,461040,20.0,35.0
804,Pd-105,461050,20.0,36.0
805,Pd-106,461060,21.0,36.0
806,Pd-107,461070,21.0,36.0
807,Pd-107m,461071,1.0,36.0
808,Pd-108,461080,21.0,36.0
809,Pd-109,461090,22.0,34.0
810,Pd-109m,461091,1.0,34.0
811,Pd-110,461100,21.0,32.0
812,Pd-111,461110,2.0,31.0
813,Pd-111m,461111,3.0,31.0
814,Pd-112,461120,21.0,27.0
815,Pd-113,461130,2.0,28.0
816,Pd-113m,461131,1.0,0.0
817,Pd-114,461140,1.0,27.0
818,Pd-115,461150,2.0,28.0
819,Pd-115m,461151,0.0,28.0
820,Pd-116,461160,0.0,25.0
821,Pd-117,461170,0.0,27.0
822,Pd-118,461180,0.0,26.0
823,Ag-095,470950,0.0,28.0
824,Ag-096,470960,0.0,33.0
825,Ag-096m,470961,0.0,33.0
826,Ag-097,470970,0.0,26.0
827,Ag-098,470980,0.0,32.0
828,Ag-099,470990,0.0,31.0
829,Ag-099m,470991,0.0,30.0
830,Ag-100,471000,1.0,35.0
831,Ag-100m,471001,1.0,35.0
832,Ag-101,471010,1.0,36.0
833,Ag-101m,471011,1.0,36.0
834,Ag-102,471020,1.0,36.0
835,Ag-102m,471021,2.0,36.0
836,Ag-103,471030,1.0,36.0
837,Ag-103m,471031,1.0,36.0
838,Ag-104,471040,1.0,36.0
839,Ag-104m,471041,2.0,36.0
840,Ag-105,471050,24.0,35.0
841,Ag-105m,471051,2.0,35.0
842,Ag-106,471060,1.0,36.0
843,Ag-106m,471061,24.0,35.0
844,Ag-107,471070,25.0,35.0
845,Ag-107m,471071,1.0,35.0
846,Ag-108,471080,2.0,36.0
847,Ag-108m,471081,24.0,36.0
848,Ag-109,471090,25.0,36.0
849,Ag-109m,471091,1.0,36.0
850,Ag-110,471100,2.0,36.0
851,Ag-110m,471101,25.0,36.0
852,Ag-111,471110,24.0,36.0
853,Ag-111m,471111,2.0,36.0
854,Ag-112,471120,1.0,35.0
855,Ag-113,471130,2.0,32.0
856,Ag-113m,471131,2.0,32.0
857,Ag-114,471140,1.0,30.0
858,Ag-114m,471141,1.0,0.0
859,Ag-115,471150,2.0,28.0
860,Ag-115m,471151,1.0,28.0
861,Ag-116,471160,1.0,28.0
862,Ag-116m,471161,2.0,28.0
863,Ag-116n,471162,0.0,28.0
864,Ag-117,471170,0.0,26.0
865,Ag-117m,471171,0.0,26.0
866,Ag-118,471180,0.0,28.0
867,Ag-118m,471181,0.0,28.0
868,Ag-119,471190,0.0,26.0
869,Ag-119m,471191,0.0,26.0
870,Ag-120,471200,0.0,27.0
871,Cd-097,480970,0.0,25.0
872,Cd-098,480980,0.0,33.0
873,Cd-099,480990,0.0,27.0
874,Cd-100,481000,0.0,29.0
875,Cd-101,481010,0.0,35.0
876,Cd-102,481020,1.0,36.0
877,Cd-103,481030,1.0,36.0
878,Cd-104,481040,1.0,35.0
879,Cd-105,481050,1.0,36.0
880,Cd-106,481060,20.0,35.0
881,Cd-107,481070,2.0,36.0
882,Cd-108,481080,21.0,35.0
883,Cd-109,481090,21.0,35.0
884,Cd-110,481100,23.0,35.0
885,Cd-111,481110,23.0,36.0
886,Cd-111m,481111,1.0,36.0
887,Cd-112,481120,23.0,36.0
888,Cd-113,481130,24.0,35.0
889,Cd-113m,481131,24.0,35.0
890,Cd-114,481140,23.0,35.0
891,Cd-115,481150,25.0,34.0
892,Cd-115m,481151,25.0,34.0
893,Cd-116,481160,23.0,28.0
894,Cd-117,481170,2.0,29.0
895,Cd-117m,481171,2.0,29.0
896,Cd-118,481180,1.0,26.0
897,Cd-119,481190,2.0,28.0
898,Cd-119m,481191,2.0,29.0
899,Cd-120,481200,1.0,25.0
900,Cd-121,481210,2.0,28.0
901,Cd-121m,481211,1.0,28.0
902,Cd-122,481220,1.0,25.0
903,Cd-123,481230,2.0,26.0
904,Cd-123m,481231,0.0,27.0
905,Cd-124,481240,1.0,24.0
906,Cd-125,481250,2.0,0.0
907,In-098m,490981,0.0,33.0
908,In-099,490990,0.0,24.0
909,In-100,491000,0.0,33.0
910,In-101,491010,0.0,27.0
911,In-102,491020,0.0,35.0
912,In-103,491030,0.0,36.0
913,In-103m,491031,0.0,36.0
914,In-104,491040,0.0,37.0
915,In-104m,491041,0.0,36.0
916,In-105,491050,0.0,36.0
917,In-105m,491051,0.0,37.0
918,In-106,491060,1.0,36.0
919,In-106m,491061,1.0,36.0
920,In-107,491070,1.0,35.0
921,In-107m,491071,1.0,36.0
922,In-108,491080,1.0,35.0
923,In-108m,491081,1.0,35.0
924,In-109,491090,1.0,35.0
925,In-109m,491091,1.0,35.0
926,In-109n,491092,1.0,0.0
927,In-110,491100,1.0,36.0
928,In-110m,491101,1.0,36.0
929,In-111,491110,25.0,35.0
930,In-111m,491111,1.0,36.0
931,In-112,491120,2.0,35.0
932,In-112m,491121,1.0,36.0
933,In-113,491130,25.0,35.0
934,In-113m,491131,1.0,36.0
935,In-114,491140,2.0,35.0
936,In-114m,491141,25.0,36.0
937,In-115,491150,27.0,36.0
938,In-115m,491151,2.0,36.0
939,In-116,491160,1.0,36.0
940,In-116m,491161,1.0,36.0
941,In-116n,491162,1.0,36.0
942,In-117,491170,2.0,33.0
943,In-117m,491171,2.0,34.0
944,In-118,491180,1.0,34.0
945,In-118m,491181,1.0,34.0
946,In-118n,491182,2.0,34.0
947,In-119,491190,2.0,28.0
948,In-119m,491191,2.0,28.0
949,In-120,491200,1.0,29.0
950,In-120m,491201,1.0,29.0
951,In-120n,491202,1.0,29.0
952,In-121,491210,2.0,27.0
953,In-121m,491211,2.0,27.0
954,In-122,491220,1.0,26.0
955,In-122m,491221,1.0,26.0
956,In-122n,491222,1.0,27.0
957,In-123,491230,2.0,25.0
958,In-123m,491231,1.0,25.0
959,In-124,491240,1.0,26.0
960,In-124m,491241,1.0,26.0
961,In-125,491250,2.0,25.0
962,In-125m,491251,1.0,25.0
963,In-126,491260,1.0,26.0
964,In-126m,491261,1.0,26.0
965,In-127,491270,0.0,25.0
966,In-127m,491271,0.0,25.0
967,In-127n,491272,0.0,27.0
968,In-129m,491291,0.0,25.0
969,Sn-101,501010,0.0,33.0
970,Sn-102,501020,0.0,34.0
971,Sn-103,501030,0.0,32.0
972,Sn-104,501040,0.0,29.0
973,Sn-105,501050,0.0,31.0
974,Sn-106,501060,0.0,35.0
975,Sn-107,501070,0.0,36.0
976,Sn-108,501080,1.0,35.0
977,Sn-109,501090,1.0,36.0
978,Sn-110,501100,1.0,34.0
979,Sn-111,501110,1.0,36.0
980,Sn-112,501120,20.0,35.0
981,Sn-113,501130,20.0,35.0
982,Sn-113m,501131,2.0,35.0
983,Sn-114,501140,22.0,35.0
984,Sn-115,501150,23.0,35.0
985,Sn-116,501160,23.0,35.0
986,Sn-117,501170,24.0,35.0
987,Sn-117m,501171,24.0,35.0
988,Sn-118,501180,24.0,34.0
989,Sn-119,501190,23.0,33.0
990,Sn-119m,501191,26.0,32.0
991,Sn-120,501200,25.0,31.0
992,Sn-121,501210,27.0,31.0
993,Sn-121m,501211,27.0,31.0
994,Sn-122,501220,24.0,26.0
995,Sn-123,501230,24.0,27.0
996,Sn-123m,501231,1.0,27.0
997,Sn-124,501240,22.0,25.0
998,Sn-125,501250,22.0,26.0
999,Sn-125m,501251,1.0,26.0
1000,Sn-126,501260,22.0,24.0
1001,Sn-127,501270,1.0,26.0
1002,Sn-127m,501271,1.0,26.0
1003,Sn-128,501280,1.0,24.0
1004,Sn-128m,501281,1.0,26.0
1005,Sn-129,501290,1.0,26.0
1006,Sn-129m,501291,2.0,26.0
1007,Sn-130,501300,1.0,23.0
1008,Sn-130m,501301,1.0,26.0
1009,Sn-131,501310,1.0,24.0
1010,Sn-131m,501311,1.0,24.0
1011,Sn-132,501320,0.0,22.0
1012,Sn-133,501330,0.0,25.0
1013,Sn-134,501340,0.0,26.0
1014,Sb-105,511050,0.0,29.0
1015,Sb-107,511070,0.0,33.0
1016,Sb-108,511080,0.0,30.0
1017,Sb-109,511090,0.0,37.0
1018,Sb-110,511100,0.0,37.0
1019,Sb-111,511110,0.0,36.0
1020,Sb-112,511120,1.0,36.0
1021,Sb-113,511130,1.0,35.0
1022,Sb-114,511140,1.0,37.0
1023,Sb-115,511150,1.0,36.0
1024,Sb-116,511160,1.0,36.0
1025,Sb-116m,511161,1.0,37.0
1026,Sb-117,511170,1.0,37.0
1027,Sb-118,511180,1.0,37.0
1028,Sb-118m,511181,1.0,37.0
1029,Sb-119,511190,26.0,37.0
1030,Sb-120,511200,1.0,37.0
1031,Sb-120m,511201,26.0,37.0
1032,Sb-121,511210,26.0,37.0
1033,Sb-122,511220,27.0,36.0
1034,Sb-122m,511221,1.0,36.0
1035,Sb-123,511230,27.0,35.0
1036,Sb-124,511240,28.0,33.0
1037,Sb-124m,511241,2.0,33.0
1038,Sb-124n,511242,1.0,32.0
1039,Sb-125,511250,29.0,29.0
1040,Sb-126,511260,28.0,28.0
1041,Sb-126m,511261,2.0,29.0
1042,Sb-126n,511262,1.0,29.0
1043,Sb-127,511270,27.0,27.0
1044,Sb-128,511280,1.0,27.0
1045,Sb-128m,511281,2.0,27.0
1046,Sb-129,511290,2.0,26.0
1047,Sb-129m,511291,3.0,28.0
1048,Sb-130,511300,1.0,26.0
1049,Sb-130m,511301,1.0,26.0
1050,Sb-131,511310,2.0,25.0
1051,Sb-131m,511311,2.0,0.0
1052,Sb-132,511320,1.0,26.0
1053,Sb-132m,511321,1.0,26.0
1054,Sb-133,511330,0.0,25.0
1055,Sb-134m,511341,0.0,27.0
1056,Sb-135,511350,0.0,29.0
1057,Te-108,521080,0.0,37.0
1058,Te-109,521090,0.0,34.0
1059,Te-110,521100,0.0,38.0
1060,Te-111,521110,0.0,38.0
1061,Te-112,521120,0.0,33.0
1062,Te-113,521130,0.0,29.0
1063,Te-114,521140,1.0,37.0
1064,Te-115,521150,1.0,37.0
1065,Te-115m,521151,1.0,37.0
1066,Te-116,521160,1.0,36.0
1067,Te-117,521170,1.0,37.0
1068,Te-117m,521171,1.0,0.0
1069,Te-118,521180,21.0,36.0
1070,Te-119,521190,21.0,36.0
1071,Te-119m,521191,21.0,36.0
1072,Te-120,521200,22.0,36.0
1073,Te-121,521210,22.0,36.0
1074,Te-121m,521211,22.0,36.0
1075,Te-122,521220,22.0,36.0
1076,Te-123,521230,22.0,36.0
1077,Te-123m,521231,22.0,36.0
1078,Te-124,521240,23.0,34.0
1079,Te-125,521250,23.0,36.0
1080,Te-125m,521251,23.0,35.0
1081,Te-126,521260,24.0,34.0
1082,Te-127,521270,25.0,32.0
1083,Te-127m,521271,25.0,32.0
1084,Te-128,521280,23.0,31.0
1085,Te-129,521290,26.0,32.0
1086,Te-129m,521291,26.0,32.0
1087,Te-130,521300,24.0,30.0
1088,Te-131,521310,1.0,31.0
1089,Te-131m,521311,27.0,31.0
1090,Te-132,521320,26.0,27.0
1091,Te-133,521330,1.0,28.0
1092,Te-133m,521331,2.0,29.0
1093,Te-134,521340,2.0,26.0
1094,Te-135,521350,1.0,30.0
1095,Te-136,521360,0.0,30.0
1096,Te-137,521370,0.0,30.0
1097,Te-138,521380,0.0,29.0
1098,I-111,531110,0.0,39.0
1099,I-112,531120,0.0,32.0
1100,I-113,531130,0.0,35.0
1101,I-114,531140,0.0,39.0
1102,I-114m,531141,0.0,34.0
1103,I-115,531150,0.0,35.0
1104,I-116,531160,0.0,38.0
1105,I-117,531170,0.0,37.0
1106,I-118,531180,1.0,37.0
1107,I-118m,531181,1.0,36.0
1108,I-119,531190,1.0,37.0
1109,I-120,531200,1.0,37.0
1110,I-120m,531201,1.0,37.0
1111,I-121,531210,1.0,36.0
1112,I-122,531220,1.0,36.0
1113,I-123,531230,20.0,36.0
1114,I-124,531240,20.0,36.0
1115,I-125,531250,21.0,36.0
1116,I-126,531260,22.0,36.0
1117,I-127,531270,22.0,36.0
1118,I-128,531280,23.0,35.0
1119,I-129,531290,23.0,35.0
1120,I-130,531300,24.0,34.0
1121,I-130m,531301,2.0,34.0
1122,I-131,531310,25.0,33.0
1123,I-132,531320,1.0,34.0
1124,I-132m,531321,2.0,32.0
1125,I-133,531330,27.0,32.0
1126,I-133m,531331,1.0,34.0
1127,I-134,531340,1.0,31.0
1128,I-134m,531341,2.0,31.0
1129,I-135,531350,2.0,30.0
1130,I-136,531360,1.0,33.0
1131,I-136m,531361,1.0,34.0
1132,I-137,531370,0.0,32.0
1133,I-138,531380,0.0,24.0
1134,I-139,531390,0.0,30.0
1135,Xe-112,541120,0.0,30.0
1136,Xe-113,541130,0.0,39.0
1137,Xe-114,541140,0.0,33.0
1138,Xe-115,541150,0.0,39.0
1139,Xe-116,541160,0.0,39.0
1140,Xe-117,541170,0.0,40.0
1141,Xe-118,541180,0.0,38.0
1142,Xe-119,541190,0.0,37.0
1143,Xe-120,541200,1.0,37.0
1144,Xe-121,541210,1.0,36.0
1145,Xe-122,541220,18.0,37.0
1146,Xe-123,541230,1.0,37.0
1147,Xe-124,541240,19.0,36.0
1148,Xe-125,541250,19.0,37.0
1149,Xe-125m,541251,1.0,37.0
1150,Xe-126,541260,20.0,36.0
1151,Xe-127,541270,20.0,36.0
1152,Xe-127m,541271,1.0,36.0
1153,Xe-128,541280,20.0,36.0
1154,Xe-129,541290,20.0,36.0
1155,Xe-129m,541291,20.0,36.0
1156,Xe-130,541300,21.0,34.0
1157,Xe-131,541310,21.0,34.0
1158,Xe-131m,541311,21.0,35.0
1159,Xe-132,541320,22.0,34.0
1160,Xe-133,541330,25.0,34.0
1161,Xe-133m,541331,24.0,33.0
1162,Xe-134,541340,24.0,32.0
1163,Xe-134m,541341,1.0,0.0
1164,Xe-135,541350,23.0,32.0
1165,Xe-135m,541351,2.0,32.0
1166,Xe-136,541360,21.0,30.0
1167,Xe-137,541370,1.0,33.0
1168,Xe-138,541380,1.0,33.0
1169,Xe-139,541390,1.0,32.0
1170,Xe-140,541400,0.0,31.0
1171,Xe-141,541410,0.0,29.0
1172,Xe-142,541420,0.0,28.0
1173,Cs-115,551150,0.0,31.0
1174,Cs-116m,551161,0.0,33.0
1175,Cs-117,551170,0.0,36.0
1176,Cs-117m,551171,0.0,33.0
1177,Cs-118,551180,0.0,39.0
1178,Cs-118m,551181,0.0,33.0
1179,Cs-119,551190,0.0,33.0
1180,Cs-119m,551191,0.0,32.0
1181,Cs-120,551200,0.0,39.0
1182,Cs-120m,551201,0.0,34.0
1183,Cs-121,551210,0.0,37.0
1184,Cs-121m,551211,0.0,37.0
1185,Cs-122,551220,1.0,39.0
1186,Cs-122m,551221,1.0,38.0
1187,Cs-122n,551222,1.0,0.0
1188,Cs-123,551230,1.0,36.0
1189,Cs-123m,551231,1.0,36.0
1190,Cs-124,551240,1.0,36.0
1191,Cs-124m,551241,1.0,37.0
1192,Cs-125,551250,1.0,36.0
1193,Cs-126,551260,1.0,37.0
1194,Cs-127,551270,1.0,36.0
1195,Cs-128,551280,1.0,36.0
1196,Cs-129,551290,18.0,36.0
1197,Cs-130,551300,1.0,36.0
1198,Cs-130m,551301,0.0,36.0
1199,Cs-131,551310,19.0,37.0
1200,Cs-132,551320,20.0,36.0
1201,Cs-133,551330,21.0,35.0
1202,Cs-134,551340,25.0,36.0
1203,Cs-134m,551341,1.0,35.0
1204,Cs-135,551350,26.0,36.0
1205,Cs-135m,551351,1.0,36.0
1206,Cs-136,551360,26.0,35.0
1207,Cs-136m,551361,2.0,36.0
1208,Cs-137,551370,26.0,34.0
1209,Cs-138,551380,1.0,36.0
1210,Cs-138m,551381,2.0,37.0
1211,Cs-139,551390,1.0,37.0
1212,Cs-140,551400,1.0,36.0
1213,Cs-141,551410,0.0,32.0
1214,Cs-142,551420,0.0,32.0
1215,Cs-143,551430,0.0,30.0
1216,Cs-144m,551441,0.0,30.0
1217,Ba-116,561160,0.0,31.0
1218,Ba-117,561170,0.0,31.0
1219,Ba-118,561180,0.0,31.0
1220,Ba-119,561190,0.0,31.0
1221,Ba-120,561200,0.0,38.0
1222,Ba-121,561210,0.0,38.0
1223,Ba-122,561220,0.0,37.0
1224,Ba-123,561230,0.0,38.0
1225,Ba-124,561240,1.0,36.0
1226,Ba-125,561250,1.0,37.0
1227,Ba-126,561260,1.0,35.0
1228,Ba-127,561270,1.0,37.0
1229,Ba-127m,561271,0.0,37.0
1230,Ba-128,561280,19.0,36.0
1231,Ba-129,561290,19.0,36.0
1232,Ba-129m,561291,1.0,36.0
1233,Ba-130,561300,20.0,36.0
1234,Ba-131,561310,20.0,36.0
1235,Ba-131m,561311,1.0,36.0
1236,Ba-132,561320,20.0,36.0
1237,Ba-133,561330,20.0,36.0
1238,Ba-133m,561331,20.0,36.0
1239,Ba-134,561340,21.0,36.0
1240,Ba-135,561350,24.0,36.0
1241,Ba-135m,561351,24.0,36.0
1242,Ba-136,561360,25.0,34.0
1243,Ba-136m,561361,1.0,0.0
1244,Ba-137,561370,25.0,34.0
1245,Ba-137m,561371,1.0,35.0
1246,Ba-138,561380,22.0,36.0
1247,Ba-139,561390,21.0,35.0
1248,Ba-140,561400,18.0,36.0
1249,Ba-141,561410,1.0,36.0
1250,Ba-142,561420,1.0,33.0
1251,Ba-143,561430,1.0,32.0
1252,Ba-144,561440,0.0,29.0
1253,Ba-145,561450,0.0,29.0
1254,Ba-146,561460,0.0,28.0
1255,La-119,571190,0.0,30.0
1256,La-120,571200,0.0,31.0
1257,La-121,571210,0.0,30.0
1258,La-122,571220,0.0,31.0
1259,La-123,571230,0.0,29.0
1260,La-124,571240,0.0,39.0
1261,La-124m,571241,0.0,32.0
1262,La-125,571250,0.0,37.0
1263,La-126,571260,0.0,36.0
1264,La-126m,571261,0.0,38.0
1265,La-127,571270,0.0,36.0
1266,La-127m,571271,0.0,36.0
1267,La-128,571280,1.0,37.0
1268,La-128m,571281,0.0,34.0
1269,La-129,571290,1.0,35.0
1270,La-129m,571291,1.0,0.0
1271,La-130,571300,1.0,37.0
1272,La-131,571310,1.0,36.0
1273,La-132,571320,1.0,37.0
1274,La-132m,571321,2.0,36.0
1275,La-133,571330,1.0,37.0
1276,La-134,571340,1.0,36.0
1277,La-135,571350,20.0,37.0
1278,La-136,571360,1.0,36.0
1279,La-136m,571361,1.0,0.0
1280,La-137,571370,23.0,37.0
1281,La-138,571380,24.0,35.0
1282,La-139,571390,21.0,36.0
1283,La-140,571400,20.0,37.0
1284,La-141,571410,18.0,38.0
1285,La-142,571420,1.0,38.0
1286,La-143,571430,1.0,37.0
1287,La-144,571440,1.0,35.0
1288,La-145,571450,0.0,32.0
1289,La-146,571460,0.0,31.0
1290,La-146m,571461,0.0,31.0
1291,La-147,571470,0.0,30.0
1292,La-148,571480,0.0,30.0
1293,La-149,571490,0.0,29.0
1294,Ce-121,581210,0.0,30.0
1295,Ce-122,581220,0.0,30.0
1296,Ce-123,581230,0.0,30.0
1297,Ce-124,581240,0.0,30.0
1298,Ce-125,581250,0.0,38.0
1299,Ce-126,581260,0.0,36.0
1300,Ce-127,581270,0.0,36.0
1301,Ce-127m,581271,0.0,36.0
1302,Ce-128,581280,0.0,35.0
1303,Ce-129,581290,0.0,37.0
1304,Ce-130,581300,1.0,35.0
1305,Ce-131,581310,1.0,36.0
1306,Ce-131m,581311,1.0,36.0
1307,Ce-132,581320,1.0,36.0
1308,Ce-133,581330,1.0,37.0
1309,Ce-133m,581331,1.0,37.0
1310,Ce-134,581340,21.0,36.0
1311,Ce-135,581350,21.0,36.0
1312,Ce-135m,581351,1.0,36.0
1313,Ce-136,581360,21.0,36.0
1314,Ce-137,581370,1.0,36.0
1315,Ce-137m,581371,22.0,36.0
1316,Ce-138,581380,22.0,36.0
1317,Ce-139,581390,22.0,36.0
1318,Ce-139m,581391,1.0,36.0
1319,Ce-140,581400,19.0,36.0
1320,Ce-141,581410,19.0,36.0
1321,Ce-142,581420,16.0,37.0
1322,Ce-143,581430,17.0,38.0
1323,Ce-144,581440,18.0,36.0
1324,Ce-145,581450,1.0,34.0
1325,Ce-146,581460,1.0,32.0
1326,Ce-147,581470,1.0,31.0
1327,Ce-148,581480,1.0,30.0
1328,Ce-149,581490,1.0,30.0
1329,Ce-150,581500,0.0,28.0
1330,Ce-151,581510,0.0,24.0
1331,Ce-152,581520,0.0,27.0
1332,Pr-124,591240,0.0,29.0
1333,Pr-125,591250,0.0,28.0
1334,Pr-126,591260,0.0,30.0
1335,Pr-127,591270,0.0,28.0
1336,Pr-128,591280,0.0,29.0
1337,Pr-129,591290,0.0,29.0
1338,Pr-130,591300,0.0,30.0
1339,Pr-131,591310,0.0,37.0
1340,Pr-131m,591311,0.0,37.0
1341,Pr-132,591320,0.0,37.0
1342,Pr-133,591330,0.0,35.0
1343,Pr-133m,591331,0.0,35.0
1344,Pr-134,591340,1.0,37.0
1345,Pr-134m,591341,1.0,37.0
1346,Pr-135,591350,1.0,36.0
1347,Pr-136,591360,1.0,37.0
1348,Pr-137,591370,1.0,36.0
1349,Pr-138,591380,1.0,36.0
1350,Pr-138m,591381,1.0,37.0
1351,Pr-139,591390,1.0,36.0
1352,Pr-140,591400,1.0,36.0
1353,Pr-141,591410,18.0,36.0
1354,Pr-142,591420,19.0,37.0
1355,Pr-142m,591421,1.0,37.0
1356,Pr-143,591430,19.0,38.0
1357,Pr-144,591440,1.0,39.0
1358,Pr-144m,591441,2.0,39.0
1359,Pr-145,591450,1.0,38.0
1360,Pr-146,591460,1.0,38.0
1361,Pr-147,591470,1.0,36.0
1362,Pr-148,591480,1.0,36.0
1363,Pr-148m,591481,1.0,36.0
1364,Pr-149,591490,1.0,31.0
1365,Pr-150,591500,1.0,30.0
1366,Pr-151,591510,0.0,29.0
1367,Pr-152,591520,0.0,21.0
1368,Pr-153,591530,0.0,20.0
1369,Pr-154,591540,0.0,20.0
1370,Pr-155,591550,0.0,20.0
1371,Nd-126,601260,0.0,28.0
1372,Nd-127,601270,0.0,28.0
1373,Nd-128,601280,0.0,28.0
1374,Nd-129,601290,0.0,28.0
1375,Nd-130,601300,0.0,34.0
1376,Nd-131,601310,0.0,36.0
1377,Nd-132,601320,0.0,35.0
1378,Nd-133,601330,0.0,37.0
1379,Nd-133m,601331,0.0,37.0
1380,Nd-134,601340,0.0,36.0
1381,Nd-135,601350,0.0,37.0
1382,Nd-136,601360,1.0,35.0
1383,Nd-137,601370,1.0,36.0
1384,Nd-137m,601371,1.0,37.0
1385,Nd-138,601380,1.0,36.0
1386,Nd-139,601390,1.0,37.0
1387,Nd-139m,601391,2.0,36.0
1388,Nd-140,601400,20.0,36.0
1389,Nd-141,601410,21.0,36.0
1390,Nd-141m,601411,2.0,36.0
1391,Nd-142,601420,18.0,36.0
1392,Nd-143,601430,19.0,36.0
1393,Nd-144,601440,18.0,37.0
1394,Nd-145,601450,18.0,37.0
1395,Nd-146,601460,17.0,37.0
1396,Nd-147,601470,18.0,39.0
1397,Nd-148,601480,17.0,35.0
1398,Nd-149,601490,18.0,34.0
1399,Nd-150,601500,17.0,32.0
1400,Nd-151,601510,1.0,30.0
1401,Nd-152,601520,1.0,28.0
1402,Nd-153,601530,1.0,28.0
1403,Nd-154,601540,0.0,27.0
1404,Nd-155,601550,0.0,20.0
1405,Nd-156,601560,0.0,25.0
1406,Nd-157,601570,0.0,20.0
1407,Pm-127,611270,0.0,28.0
1408,Pm-128,611280,0.0,28.0
1409,Pm-129,611290,0.0,28.0
1410,Pm-130,611300,0.0,28.0
1411,Pm-131,611310,0.0,29.0
1412,Pm-132,611320,0.0,29.0
1413,Pm-133,611330,0.0,37.0
1414,Pm-133m,611331,0.0,37.0
1415,Pm-134,611340,0.0,34.0
1416,Pm-134m,611341,0.0,32.0
1417,Pm-135,611350,0.0,31.0
1418,Pm-135m,611351,0.0,32.0
1419,Pm-136,611360,0.0,37.0
1420,Pm-136m,611361,0.0,37.0
1421,Pm-137,611370,0.0,37.0
1422,Pm-138,611380,0.0,37.0
1423,Pm-138m,611381,0.0,37.0
1424,Pm-139,611390,0.0,35.0
1425,Pm-140,611400,1.0,37.0
1426,Pm-140m,611401,1.0,32.0
1427,Pm-141,611410,1.0,36.0
1428,Pm-142,611420,1.0,36.0
1429,Pm-143,611430,18.0,36.0
1430,Pm-144,611440,18.0,37.0
1431,Pm-145,611450,18.0,38.0
1432,Pm-146,611460,19.0,38.0
1433,Pm-147,611470,19.0,38.0
1434,Pm-148,611480,19.0,39.0
1435,Pm-148m,611481,19.0,39.0
1436,Pm-149,611490,19.0,38.0
1437,Pm-150,611500,19.0,36.0
1438,Pm-151,611510,20.0,35.0
1439,Pm-152,611520,1.0,31.0
1440,Pm-152m,611521,1.0,31.0
1441,Pm-152n,611522,1.0,31.0
1442,Pm-153,611530,1.0,30.0
1443,Pm-154,611540,1.0,30.0
1444,Pm-154m,611541,1.0,30.0
1445,Pm-155,611550,1.0,29.0
1446,Pm-156,611560,1.0,30.0
1447,Pm-156m,611561,0.0,30.0
1448,Pm-157,611570,0.0,21.0
1449,Pm-158,611580,0.0,21.0
1450,Pm-159,611590,0.0,21.0
1451,Pm-160,611600,0.0,21.0
1452,Sm-130,621300,0.0,35.0
1453,Sm-131,621310,0.0,28.0
1454,Sm-132,621320,0.0,28.0
1455,Sm-133,621330,0.0,32.0
1456,Sm-133m,621331,0.0,32.0
1457,Sm-134,621340,0.0,30.0
1458,Sm-135,621350,0.0,29.0
1459,Sm-136,621360,0.0,34.0
1460,Sm-137,621370,0.0,36.0
1461,Sm-138,621380,0.0,37.0
1462,Sm-139,621390,0.0,37.0
1463,Sm-139m,621391,0.0,37.0
1464,Sm-140,621400,0.0,36.0
1465,Sm-141,621410,0.0,36.0
1466,Sm-141m,621411,0.0,36.0
1467,Sm-142,621420,1.0,35.0
1468,Sm-143,621430,1.0,35.0
1469,Sm-143m,621431,2.0,36.0
1470,Sm-144,621440,18.0,36.0
1471,Sm-145,621450,18.0,36.0
1472,Sm-146,621460,16.0,37.0
1473,Sm-147,621470,16.0,37.0
1474,Sm-148,621480,17.0,37.0
1475,Sm-149,621490,17.0,38.0
1476,Sm-150,621500,17.0,37.0
1477,Sm-151,621510,18.0,39.0
1478,Sm-152,621520,18.0,36.0
1479,Sm-153,621530,19.0,34.0
1480,Sm-154,621540,19.0,31.0
1481,Sm-155,621550,1.0,29.0
1482,Sm-156,621560,1.0,29.0
1483,Sm-157,621570,1.0,31.0
1484,Sm-158,621580,1.0,29.0
1485,Sm-159,621590,1.0,30.0
1486,Sm-160,621600,0.0,29.0
1487,Sm-161,621610,0.0,22.0
1488,Sm-162,621620,0.0,20.0
1489,Sm-163,621630,0.0,21.0
1490,Eu-135,631350,0.0,28.0
1491,Eu-136,631360,0.0,31.0
1492,Eu-136m,631361,0.0,32.0
1493,Eu-137,631370,0.0,31.0
1494,Eu-138,631380,0.0,30.0
1495,Eu-139,631390,0.0,38.0
1496,Eu-140,631400,0.0,37.0
1497,Eu-141,631410,0.0,37.0
1498,Eu-141m,631411,0.0,37.0
1499,Eu-142,631420,0.0,37.0
1500,Eu-142m,631421,0.0,31.0
1501,Eu-143,631430,1.0,35.0
1502,Eu-144,631440,1.0,36.0
1503,Eu-145,631450,16.0,35.0
1504,Eu-146,631460,17.0,37.0
1505,Eu-147,631470,16.0,38.0
1506,Eu-148,631480,16.0,39.0
1507,Eu-149,631490,18.0,39.0
1508,Eu-150,631500,18.0,39.0
1509,Eu-150m,631501,19.0,39.0
1510,Eu-151,631510,20.0,39.0
1511,Eu-152,631520,21.0,39.0
1512,Eu-152m,631521,21.0,39.0
1513,Eu-152n,631522,1.0,39.0
1514,Eu-153,631530,21.0,37.0
1515,Eu-154,631540,22.0,37.0
1516,Eu-154m,631541,1.0,35.0
1517,Eu-155,631550,21.0,35.0
1518,Eu-156,631560,21.0,32.0
1519,Eu-157,631570,18.0,30.0
1520,Eu-158,631580,1.0,22.0
1521,Eu-159,631590,1.0,29.0
1522,Eu-160,631600,1.0,22.0
1523,Eu-161,631610,0.0,22.0
1524,Eu-162,631620,0.0,22.0
1525,Eu-163,631630,0.0,21.0
1526,Eu-164,631640,0.0,21.0
1527,Eu-165,631650,0.0,21.0
1528,Eu-166,631660,0.0,21.0
1529,Gd-135,641350,0.0,28.0
1530,Gd-136,641360,0.0,28.0
1531,Gd-137,641370,0.0,29.0
1532,Gd-138,641380,0.0,32.0
1533,Gd-139,641390,0.0,35.0
1534,Gd-139m,641391,0.0,33.0
1535,Gd-140,641400,0.0,34.0
1536,Gd-141,641410,0.0,38.0
1537,Gd-141m,641411,0.0,38.0
1538,Gd-142,641420,0.0,37.0
1539,Gd-143,641430,0.0,37.0
1540,Gd-143m,641431,0.0,36.0
1541,Gd-144,641440,0.0,35.0
1542,Gd-145,641450,1.0,36.0
1543,Gd-145m,641451,2.0,36.0
1544,Gd-146,641460,16.0,35.0
1545,Gd-147,641470,18.0,36.0
1546,Gd-148,641480,16.0,37.0
1547,Gd-149,641490,16.0,38.0
1548,Gd-150,641500,17.0,38.0
1549,Gd-151,641510,17.0,38.0
1550,Gd-152,641520,19.0,38.0
1551,Gd-153,641530,19.0,38.0
1552,Gd-154,641540,19.0,36.0
1553,Gd-155,641550,19.0,36.0
1554,Gd-156,641560,17.0,36.0
1555,Gd-157,641570,17.0,33.0
1556,Gd-158,641580,16.0,32.0
1557,Gd-159,641590,17.0,29.0
1558,Gd-160,641600,16.0,30.0
1559,Gd-161,641610,1.0,31.0
1560,Gd-162,641620,1.0,29.0
1561,Gd-163,641630,1.0,22.0
1562,Gd-164,641640,1.0,30.0
1563,Gd-165,641650,1.0,22.0
1564,Gd-166,641660,0.0,21.0
1565,Gd-167,641670,0.0,21.0
1566,Gd-169,641690,0.0,21.0
1567,Tb-139,651390,0.0,28.0
1568,Tb-140,651400,0.0,30.0
1569,Tb-141,651410,0.0,38.0
1570,Tb-141m,651411,0.0,31.0
1571,Tb-143,651430,0.0,38.0
1572,Tb-143m,651431,0.0,32.0
1573,Tb-144,651440,0.0,38.0
1574,Tb-144m,651441,0.0,35.0
1575,Tb-145,651450,0.0,27.0
1576,Tb-146,651460,1.0,37.0
1577,Tb-146m,651461,1.0,37.0
1578,Tb-147,651470,1.0,35.0
1579,Tb-147m,651471,1.0,35.0
1580,Tb-148,651480,1.0,38.0
1581,Tb-148m,651481,1.0,38.0
1582,Tb-149,651490,3.0,38.0
1583,Tb-149m,651491,3.0,38.0
1584,Tb-150,651500,3.0,32.0
1585,Tb-150m,651501,1.0,38.0
1586,Tb-151,651510,20.0,39.0
1587,Tb-151m,651511,2.0,39.0
1588,Tb-152,651520,20.0,35.0
1589,Tb-152m,651521,2.0,39.0
1590,Tb-153,651530,23.0,39.0
1591,Tb-154,651540,22.0,39.0
1592,Tb-154m,651541,2.0,39.0
1593,Tb-154n,651542,2.0,39.0
1594,Tb-155,651550,23.0,38.0
1595,Tb-156,651560,23.0,38.0
1596,Tb-156m,651561,2.0,38.0
1597,Tb-156n,651562,23.0,38.0
1598,Tb-157,651570,20.0,37.0
1599,Tb-158,651580,21.0,37.0
1600,Tb-158m,651581,1.0,37.0
1601,Tb-159,651590,17.0,36.0
1602,Tb-160,651600,18.0,36.0
1603,Tb-161,651610,17.0,32.0
1604,Tb-162,651620,1.0,30.0
1605,Tb-163,651630,1.0,30.0
1606,Tb-164,651640,1.0,23.0
1607,Tb-165,651650,2.0,22.0
1608,Tb-166,651660,1.0,30.0
1609,Tb-167,651670,0.0,22.0
1610,Tb-168,651680,0.0,22.0
1611,Tb-169,651690,0.0,22.0
1612,Tb-170,651700,0.0,22.0
1613,Dy-142,661420,0.0,31.0
1614,Dy-143,661430,0.0,36.0
1615,Dy-143m,661431,0.0,35.0
1616,Dy-144,661440,0.0,37.0
1617,Dy-145,661450,0.0,37.0
1618,Dy-145m,661451,0.0,35.0
1619,Dy-146,661460,0.0,31.0
1620,Dy-147,661470,0.0,36.0
1621,Dy-147m,661471,0.0,36.0
1622,Dy-148,661480,1.0,35.0
1623,Dy-149,661490,1.0,37.0
1624,Dy-150,661500,3.0,36.0
1625,Dy-151,661510,3.0,38.0
1626,Dy-152,661520,3.0,37.0
1627,Dy-153,661530,3.0,38.0
1628,Dy-154,661540,20.0,37.0
1629,Dy-155,661550,19.0,37.0
1630,Dy-156,661560,20.0,37.0
1631,Dy-157,661570,20.0,37.0
1632,Dy-158,661580,19.0,36.0
1633,Dy-159,661590,19.0,36.0
1634,Dy-160,661600,17.0,36.0
1635,Dy-161,661610,17.0,35.0
1636,Dy-162,661620,16.0,34.0
1637,Dy-163,661630,16.0,34.0
1638,Dy-164,661640,17.0,32.0
1639,Dy-165,661650,18.0,30.0
1640,Dy-165m,661651,2.0,30.0
1641,Dy-166,661660,18.0,30.0
1642,Dy-167,661670,1.0,31.0
1643,Dy-168,661680,1.0,30.0
1644,Dy-169,661690,1.0,22.0
1645,Dy-170,661700,1.0,29.0
1646,Dy-171,661710,1.0,22.0
1647,Dy-172,661720,0.0,21.0
1648,Dy-173,661730,0.0,21.0
1649,Ho-145,671450,0.0,29.0
1650,Ho-146,671460,0.0,29.0
1651,Ho-147,671470,0.0,31.0
1652,Ho-148,671480,0.0,36.0
1653,Ho-148m,671481,0.0,30.0
1654,Ho-149,671490,0.0,35.0
1655,Ho-149m,671491,0.0,35.0
1656,Ho-150,671500,0.0,38.0
1657,Ho-150m,671501,0.0,38.0
1658,Ho-151,671510,0.0,40.0
1659,Ho-151m,671511,0.0,40.0
1660,Ho-152,671520,0.0,40.0
1661,Ho-152m,671521,0.0,38.0
1662,Ho-153,671530,3.0,40.0
1663,Ho-153m,671531,3.0,41.0
1664,Ho-154,671540,3.0,40.0
1665,Ho-154m,671541,3.0,40.0
1666,Ho-155,671550,1.0,39.0
1667,Ho-156,671560,1.0,38.0
1668,Ho-156m,671561,0.0,38.0
1669,Ho-156n,671562,0.0,39.0
1670,Ho-157,671570,1.0,38.0
1671,Ho-158,671580,1.0,38.0
1672,Ho-158m,671581,1.0,38.0
1673,Ho-158n,671582,1.0,38.0
1674,Ho-159,671590,1.0,37.0
1675,Ho-159m,671591,1.0,38.0
1676,Ho-160,671600,1.0,37.0
1677,Ho-160m,671601,2.0,38.0
1678,Ho-160n,671602,1.0,37.0
1679,Ho-161,671610,1.0,37.0
1680,Ho-161m,671611,1.0,37.0
1681,Ho-162,671620,1.0,37.0
1682,Ho-162m,671621,2.0,37.0
1683,Ho-163,671630,20.0,37.0
1684,Ho-163m,671631,1.0,37.0
1685,Ho-164,671640,18.0,37.0
1686,Ho-164m,671641,17.0,37.0
1687,Ho-165,671650,20.0,37.0
1688,Ho-166,671660,20.0,32.0
1689,Ho-166m,671661,20.0,32.0
1690,Ho-167,671670,2.0,30.0
1691,Ho-168,671680,1.0,31.0
1692,Ho-168m,671681,0.0,31.0
1693,Ho-169,671690,1.0,30.0
1694,Ho-170,671700,1.0,30.0
1695,Ho-170m,671701,1.0,31.0
1696,Ho-171,671710,1.0,23.0
1697,Ho-172,671720,1.0,23.0
1698,Ho-173,671730,0.0,22.0
1699,Ho-174,671740,0.0,23.0
1700,Ho-175,671750,0.0,22.0
1701,Er-146,681460,0.0,28.0
1702,Er-147,681470,0.0,31.0
1703,Er-147m,681471,0.0,29.0
1704,Er-148,681480,0.0,35.0
1705,Er-149,681490,0.0,32.0
1706,Er-149m,681491,0.0,33.0
1707,Er-150,681500,0.0,35.0
1708,Er-151,681510,0.0,37.0
1709,Er-152,681520,0.0,37.0
1710,Er-153,681530,0.0,38.0
1711,Er-154,681540,0.0,33.0
1712,Er-155,681550,0.0,38.0
1713,Er-156,681560,1.0,38.0
1714,Er-157,681570,1.0,37.0
1715,Er-158,681580,1.0,37.0
1716,Er-159,681590,1.0,37.0
1717,Er-160,681600,1.0,37.0
1718,Er-161,681610,22.0,37.0
1719,Er-162,681620,21.0,36.0
1720,Er-163,681630,1.0,36.0
1721,Er-164,681640,20.0,36.0
1722,Er-165,681650,19.0,36.0
1723,Er-166,681660,21.0,36.0
1724,Er-167,681670,20.0,34.0
1725,Er-167m,681671,1.0,36.0
1726,Er-168,681680,18.0,33.0
1727,Er-169,681690,20.0,31.0
1728,Er-170,681700,17.0,32.0
1729,Er-171,681710,18.0,31.0
1730,Er-172,681720,18.0,30.0
1731,Er-173,681730,1.0,23.0
1732,Er-174,681740,1.0,22.0
1733,Er-175,681750,1.0,22.0
1734,Er-176,681760,0.0,21.0
1735,Er-177,681770,0.0,21.0
1736,Tm-150,691500,0.0,36.0
1737,Tm-151,691510,0.0,30.0
1738,Tm-151m,691511,0.0,28.0
1739,Tm-152,691520,0.0,33.0
1740,Tm-152m,691521,0.0,30.0
1741,Tm-153,691530,0.0,40.0
1742,Tm-153m,691531,0.0,40.0
1743,Tm-154,691540,0.0,40.0
1744,Tm-154m,691541,0.0,41.0
1745,Tm-155,691550,0.0,40.0
1746,Tm-155m,691551,0.0,40.0
1747,Tm-156,691560,0.0,42.0
1748,Tm-157,691570,0.0,42.0
1749,Tm-158,691580,0.0,40.0
1750,Tm-158m,691581,0.0,40.0
1751,Tm-159,691590,0.0,38.0
1752,Tm-160,691600,1.0,38.0
1753,Tm-160m,691601,1.0,37.0
1754,Tm-161,691610,1.0,38.0
1755,Tm-162,691620,1.0,38.0
1756,Tm-162m,691621,2.0,38.0
1757,Tm-163,691630,1.0,37.0
1758,Tm-164,691640,1.0,38.0
1759,Tm-164m,691641,1.0,38.0
1760,Tm-165,691650,21.0,37.0
1761,Tm-166,691660,20.0,37.0
1762,Tm-167,691670,20.0,37.0
1763,Tm-168,691680,20.0,37.0
1764,Tm-169,691690,18.0,37.0
1765,Tm-170,691700,19.0,36.0
1766,Tm-171,691710,18.0,34.0
1767,Tm-172,691720,18.0,31.0
1768,Tm-173,691730,1.0,30.0
1769,Tm-174,691740,1.0,23.0
1770,Tm-175,691750,1.0,32.0
1771,Tm-176,691760,1.0,23.0
1772,Tm-177,691770,0.0,23.0
1773,Tm-178,691780,0.0,23.0
1774,Tm-179,691790,0.0,22.0
1775,Yb-151,701510,0.0,33.0
1776,Yb-151m,701511,0.0,34.0
1777,Yb-152,701520,0.0,35.0
1778,Yb-153,701530,0.0,32.0
1779,Yb-155,701550,0.0,39.0
1780,Yb-156,701560,0.0,39.0
1781,Yb-157,701570,0.0,41.0
1782,Yb-158,701580,0.0,33.0
1783,Yb-159,701590,0.0,31.0
1784,Yb-160,701600,0.0,38.0
1785,Yb-161,701610,0.0,37.0
1786,Yb-162,701620,1.0,37.0
1787,Yb-163,701630,1.0,37.0
1788,Yb-164,701640,1.0,37.0
1789,Yb-165,701650,1.0,37.0
1790,Yb-166,701660,17.0,36.0
1791,Yb-167,701670,1.0,37.0
1792,Yb-168,701680,18.0,36.0
1793,Yb-169,701690,18.0,36.0
1794,Yb-169m,701691,1.0,36.0
1795,Yb-170,701700,18.0,37.0
1796,Yb-171,701710,18.0,37.0
1797,Yb-172,701720,16.0,36.0
1798,Yb-173,701730,16.0,36.0
1799,Yb-174,701740,16.0,32.0
1800,Yb-175,701750,18.0,31.0
1801,Yb-176,701760,18.0,31.0
1802,Yb-176m,701761,1.0,31.0
1803,Yb-177,701770,1.0,31.0
1804,Yb-177m,701771,1.0,31.0
1805,Yb-178,701780,1.0,31.0
1806,Yb-179,701790,1.0,22.0
1807,Yb-180,701800,1.0,22.0
1808,Yb-181,701810,0.0,22.0
1809,Lu-154,711540,0.0,37.0
1810,Lu-154m,711541,0.0,37.0
1811,Lu-157,711570,0.0,41.0
1812,Lu-157m,711571,0.0,41.0
1813,Lu-158,711580,0.0,34.0
1814,Lu-159,711590,0.0,35.0
1815,Lu-160,711600,0.0,42.0
1816,Lu-160m,711601,0.0,44.0
1817,Lu-161,711610,0.0,32.0
1818,Lu-162,711620,0.0,39.0
1819,Lu-162m,711621,0.0,36.0
1820,Lu-162n,711622,0.0,37.0
1821,Lu-163,711630,0.0,38.0
1822,Lu-164,711640,0.0,38.0
1823,Lu-165,711650,0.0,30.0
1824,Lu-166,711660,1.0,38.0
1825,Lu-166m,711661,2.0,38.0
1826,Lu-166n,711662,1.0,38.0
1827,Lu-167,711670,1.0,38.0
1828,Lu-167m,711671,0.0,35.0
1829,Lu-168,711680,1.0,38.0
1830,Lu-168m,711681,1.0,38.0
1831,Lu-169,711690,20.0,37.0
1832,Lu-169m,711691,1.0,37.0
1833,Lu-170,711700,21.0,38.0
1834,Lu-170m,711701,1.0,0.0
1835,Lu-171,711710,21.0,37.0
1836,Lu-171m,711711,1.0,37.0
1837,Lu-172,711720,20.0,37.0
1838,Lu-172m,711721,1.0,37.0
1839,Lu-173,711730,19.0,37.0
1840,Lu-174,711740,18.0,37.0
1841,Lu-174m,711741,18.0,38.0
1842,Lu-175,711750,18.0,38.0
1843,Lu-176,711760,21.0,36.0
1844,Lu-176m,711761,1.0,37.0
1845,Lu-177,711770,22.0,35.0
1846,Lu-177m,711771,22.0,36.0
1847,Lu-178,711780,1.0,34.0
1848,Lu-178m,711781,1.0,32.0
1849,Lu-179,711790,1.0,31.0
1850,Lu-180,711800,1.0,32.0
1851,Lu-181,711810,1.0,23.0
1852,Lu-182,711820,1.0,23.0
1853,Lu-183,711830,0.0,23.0
1854,Lu-184,711840,0.0,23.0
1855,Lu-185,711850,0.0,22.0
1856,Hf-154,721540,0.0,35.0
1857,Hf-158,721580,0.0,40.0
1858,Hf-159,721590,0.0,41.0
1859,Hf-160,721600,0.0,32.0
1860,Hf-161,721610,0.0,32.0
1861,Hf-162,721620,0.0,35.0
1862,Hf-163,721630,0.0,31.0
1863,Hf-164,721640,0.0,38.0
1864,Hf-165,721650,0.0,35.0
1865,Hf-166,721660,0.0,37.0
1866,Hf-167,721670,0.0,36.0
1867,Hf-168,721680,1.0,37.0
1868,Hf-169,721690,1.0,37.0
1869,Hf-170,721700,20.0,37.0
1870,Hf-171,721710,21.0,37.0
1871,Hf-171m,721711,0.0,37.0
1872,Hf-172,721720,21.0,37.0
1873,Hf-173,721730,20.0,37.0
1874,Hf-174,721740,19.0,37.0
1875,Hf-175,721750,18.0,37.0
1876,Hf-176,721760,20.0,37.0
1877,Hf-177,721770,24.0,37.0
1878,Hf-177m,721771,1.0,38.0
1879,Hf-177n,721772,1.0,32.0
1880,Hf-178,721780,27.0,36.0
1881,Hf-178m,721781,1.0,36.0
1882,Hf-178n,721782,27.0,30.0
1883,Hf-179,721790,28.0,37.0
1884,Hf-179m,721791,1.0,36.0
1885,Hf-179n,721792,28.0,38.0
1886,Hf-180,721800,25.0,33.0
1887,Hf-180m,721801,25.0,32.0
1888,Hf-181,721810,23.0,31.0
1889,Hf-182,721820,18.0,30.0
1890,Hf-182m,721821,2.0,32.0
1891,Hf-183,721830,1.0,31.0
1892,Hf-184,721840,1.0,31.0
1893,Hf-184m,721841,0.0,32.0
1894,Hf-185,721850,1.0,23.0
1895,Hf-186,721860,1.0,22.0
1896,Hf-187,721870,1.0,22.0
1897,Hf-188,721880,0.0,21.0
1898,Hf-189,721890,0.0,22.0
1899,Ta-159,731590,0.0,42.0
1900,Ta-160,731600,0.0,42.0
1901,Ta-160m,731601,0.0,36.0
1902,Ta-161,731610,0.0,42.0
1903,Ta-161m,731611,0.0,35.0
1904,Ta-162,731620,0.0,34.0
1905,Ta-163,731630,0.0,33.0
1906,Ta-164,731640,0.0,41.0
1907,Ta-165,731650,0.0,35.0
1908,Ta-166,731660,0.0,39.0
1909,Ta-167,731670,0.0,38.0
1910,Ta-168,731680,0.0,39.0
1911,Ta-169,731690,0.0,38.0
1912,Ta-170,731700,1.0,38.0
1913,Ta-171,731710,1.0,38.0
1914,Ta-172,731720,1.0,38.0
1915,Ta-173,731730,1.0,35.0
1916,Ta-174,731740,1.0,33.0
1917,Ta-175,731750,1.0,38.0
1918,Ta-176,731760,1.0,39.0
1919,Ta-177,731770,21.0,38.0
1920,Ta-178,731780,1.0,37.0
1921,Ta-178m,731781,1.0,38.0
1922,Ta-179,731790,27.0,38.0
1923,Ta-180,731800,29.0,38.0
1924,Ta-180m,731801,29.0,38.0
1925,Ta-181,731810,26.0,35.0
1926,Ta-182,731820,25.0,35.0
1927,Ta-182m,731821,1.0,36.0
1928,Ta-182n,731822,1.0,0.0
1929,Ta-183,731830,22.0,34.0
1930,Ta-184,731840,1.0,32.0
1931,Ta-185,731850,1.0,32.0
1932,Ta-186,731860,1.0,24.0
1933,Ta-187,731870,1.0,23.0
1934,Ta-188,731880,1.0,23.0
1935,Ta-189,731890,0.0,23.0
1936,Ta-190,731900,0.0,23.0
1937,Ta-191,731910,0.0,22.0
1938,Ta-192,731920,0.0,22.0
1939,W-162,741620,0.0,41.0
1940,W-163,741630,0.0,42.0
1941,W-164,741640,0.0,32.0
1942,W-165,741650,0.0,40.0
1943,W-166,741660,0.0,31.0
1944,W-167,741670,0.0,31.0
1945,W-168,741680,0.0,38.0
1946,W-169,741690,0.0,30.0
1947,W-170,741700,0.0,37.0
1948,W-171,741710,0.0,37.0
1949,W-172,741720,1.0,33.0
1950,W-173,741730,1.0,37.0
1951,W-174,741740,1.0,37.0
1952,W-175,741750,1.0,38.0
1953,W-176,741760,1.0,38.0
1954,W-177,741770,1.0,38.0
1955,W-178,741780,20.0,37.0
1956,W-179,741790,1.0,38.0
1957,W-179m,741791,2.0,38.0
1958,W-180,741800,25.0,37.0
1959,W-181,741810,26.0,37.0
1960,W-182,741820,25.0,36.0
1961,W-183,741830,24.0,35.0
1962,W-183m,741831,1.0,35.0
1963,W-184,741840,22.0,34.0
1964,W-185,741850,22.0,33.0
1965,W-185m,741851,1.0,33.0
1966,W-186,741860,18.0,31.0
1967,W-187,741870,18.0,31.0
1968,W-188,741880,17.0,31.0
1969,W-189,741890,1.0,23.0
1970,W-190,741900,1.0,30.0
1971,W-191,741910,1.0,22.0
1972,W-192,741920,1.0,29.0
1973,W-193,741930,1.0,22.0
1974,W-194,741940,0.0,20.0
1975,Re-165,751650,0.0,42.0
1976,Re-165m,751651,0.0,34.0
1977,Re-166,751660,0.0,34.0
1978,Re-167,751670,0.0,41.0
1979,Re-167m,751671,0.0,41.0
1980,Re-168,751680,0.0,42.0
1981,Re-169,751690,0.0,34.0
1982,Re-169m,751691,0.0,34.0
1983,Re-170,751700,0.0,40.0
1984,Re-171,751710,0.0,39.0
1985,Re-172,751720,0.0,39.0
1986,Re-172m,751721,0.0,39.0
1987,Re-173,751730,0.0,38.0
1988,Re-174,751740,0.0,30.0
1989,Re-175,751750,0.0,38.0
1990,Re-176,751760,0.0,33.0
1991,Re-177,751770,0.0,39.0
1992,Re-178,751780,1.0,31.0
1993,Re-179,751790,1.0,39.0
1994,Re-180,751800,1.0,38.0
1995,Re-181,751810,20.0,37.0
1996,Re-182,751820,20.0,35.0
1997,Re-182m,751821,1.0,32.0
1998,Re-183,751830,22.0,37.0
1999,Re-184,751840,22.0,38.0
2000,Re-184m,751841,22.0,38.0
2001,Re-185,751850,22.0,36.0
2002,Re-186,751860,23.0,36.0
2003,Re-186m,751861,22.0,36.0
2004,Re-187,751870,20.0,35.0
2005,Re-188,751880,20.0,32.0
2006,Re-188m,751881,1.0,32.0
2007,Re-189,751890,19.0,31.0
2008,Re-190,751900,1.0,32.0
2009,Re-190m,751901,2.0,32.0
2010,Re-191,751910,1.0,30.0
2011,Re-192,751920,1.0,31.0
2012,Re-192m,751921,0.0,31.0
2013,Re-193,751930,1.0,23.0
2014,Re-194,751940,1.0,23.0
2015,Re-195,751950,1.0,22.0
2016,Re-196,751960,0.0,22.0
2017,Os-168,761680,0.0,33.0
2018,Os-169,761690,0.0,40.0
2019,Os-170,761700,0.0,39.0
2020,Os-171,761710,0.0,39.0
2021,Os-172,761720,0.0,39.0
2022,Os-173,761730,0.0,38.0
2023,Os-174,761740,0.0,38.0
2024,Os-175,761750,0.0,38.0
2025,Os-176,761760,0.0,37.0
2026,Os-177,761770,0.0,38.0
2027,Os-178,761780,0.0,38.0
2028,Os-179,761790,0.0,38.0
2029,Os-180,761800,1.0,38.0
2030,Os-181,761810,1.0,38.0
2031,Os-181m,761811,1.0,38.0
2032,Os-182,761820,20.0,38.0
2033,Os-183,761830,20.0,38.0
2034,Os-183m,761831,2.0,38.0
2035,Os-184,761840,20.0,37.0
2036,Os-185,761850,20.0,37.0
2037,Os-186,761860,20.0,37.0
2038,Os-187,761870,20.0,37.0
2039,Os-188,761880,20.0,35.0
2040,Os-189,761890,21.0,36.0
2041,Os-189m,761891,1.0,32.0
2042,Os-190,761900,21.0,33.0
2043,Os-190m,761901,1.0,33.0
2044,Os-191,761910,23.0,31.0
2045,Os-191m,761911,22.0,31.0
2046,Os-192,761920,20.0,30.0
2047,Os-192m,761921,1.0,32.0
2048,Os-193,761930,20.0,31.0
2049,Os-194,761940,18.0,29.0
2050,Os-195,761950,1.0,30.0
2051,Os-196,761960,1.0,30.0
2052,Os-197,761970,1.0,22.0
2053,Os-198,761980,1.0,29.0
2054,Os-199,761990,1.0,22.0
2055,Os-200,762000,0.0,20.0
2056,Os-201,762010,0.0,20.0
2057,Ir-171,771710,0.0,41.0
2058,Ir-171m,771711,0.0,34.0
2059,Ir-172,771720,0.0,42.0
2060,Ir-172m,771721,0.0,35.0
2061,Ir-173,771730,0.0,40.0
2062,Ir-173m,771731,0.0,34.0
2063,Ir-174,771740,0.0,41.0
2064,Ir-174m,771741,0.0,35.0
2065,Ir-175,771750,0.0,41.0
2066,Ir-176,771760,0.0,31.0
2067,Ir-177,771770,0.0,40.0
2068,Ir-178,771780,0.0,39.0
2069,Ir-179,771790,0.0,39.0
2070,Ir-180,771800,0.0,39.0
2071,Ir-181,771810,0.0,39.0
2072,Ir-182,771820,1.0,39.0
2073,Ir-183,771830,1.0,39.0
2074,Ir-184,771840,1.0,39.0
2075,Ir-185,771850,20.0,39.0
2076,Ir-186,771860,20.0,39.0
2077,Ir-186m,771861,1.0,35.0
2078,Ir-187,771870,1.0,38.0
2079,Ir-188,771880,19.0,38.0
2080,Ir-189,771890,21.0,38.0
2081,Ir-190,771900,24.0,38.0
2082,Ir-190m,771901,1.0,38.0
2083,Ir-190n,771902,2.0,38.0
2084,Ir-191,771910,27.0,38.0
2085,Ir-191m,771911,1.0,34.0
2086,Ir-191n,771912,1.0,37.0
2087,Ir-192,771920,30.0,33.0
2088,Ir-192m,771921,2.0,33.0
2089,Ir-192n,771922,29.0,27.0
2090,Ir-193,771930,26.0,33.0
2091,Ir-193m,771931,25.0,31.0
2092,Ir-194,771940,25.0,30.0
2093,Ir-194m,771941,25.0,25.0
2094,Ir-195,771950,1.0,31.0
2095,Ir-195m,771951,2.0,31.0
2096,Ir-196,771960,1.0,31.0
2097,Ir-196m,771961,21.0,32.0
2098,Ir-197,771970,1.0,30.0
2099,Ir-197m,771971,1.0,30.0
2100,Ir-198,771980,1.0,30.0
2101,Ir-199,771990,1.0,30.0
2102,Ir-200,772000,1.0,22.0
2103,Ir-201,772010,0.0,22.0
2104,Ir-202,772020,0.0,21.0
2105,Ir-203,772030,0.0,21.0
2106,Pt-175,781750,0.0,32.0
2107,Pt-176,781760,0.0,33.0
2108,Pt-177,781770,0.0,39.0
2109,Pt-178,781780,0.0,39.0
2110,Pt-179,781790,0.0,36.0
2111,Pt-180,781800,0.0,38.0
2112,Pt-181,781810,0.0,39.0
2113,Pt-182,781820,0.0,38.0
2114,Pt-183,781830,0.0,38.0
2115,Pt-183m,781831,0.0,38.0
2116,Pt-184,781840,3.0,38.0
2117,Pt-185,781850,1.0,38.0
2118,Pt-185m,781851,1.0,38.0
2119,Pt-186,781860,3.0,38.0
2120,Pt-187,781870,1.0,38.0
2121,Pt-188,781880,17.0,38.0
2122,Pt-189,781890,17.0,38.0
2123,Pt-190,781900,19.0,37.0
2124,Pt-191,781910,22.0,37.0
2125,Pt-192,781920,26.0,37.0
2126,Pt-193,781930,28.0,35.0
2127,Pt-193m,781931,28.0,35.0
2128,Pt-194,781940,27.0,35.0
2129,Pt-195,781950,25.0,36.0
2130,Pt-195m,781951,25.0,31.0
2131,Pt-196,781960,23.0,31.0
2132,Pt-197,781970,23.0,30.0
2133,Pt-197m,781971,2.0,31.0
2134,Pt-198,781980,21.0,29.0
2135,Pt-199,781990,1.0,31.0
2136,Pt-199m,781991,1.0,31.0
2137,Pt-200,782000,16.0,28.0
2138,Pt-201,782010,1.0,30.0
2139,Pt-202,782020,1.0,30.0
2140,Pt-203,782030,0.0,22.0
2141,Pt-204,782040,0.0,28.0
2142,Pt-205,782050,0.0,21.0
2143,Pt-206,782060,0.0,22.0
2144,Au-176,791760,0.0,42.0
2145,Au-176m,791761,0.0,35.0
2146,Au-177,791770,0.0,41.0
2147,Au-177m,791771,0.0,35.0
2148,Au-178,791780,0.0,33.0
2149,Au-179,791790,0.0,33.0
2150,Au-180,791800,0.0,34.0
2151,Au-181,791810,0.0,34.0
2152,Au-182,791820,0.0,39.0
2153,Au-183,791830,0.0,40.0
2154,Au-184,791840,0.0,38.0
2155,Au-184m,791841,0.0,40.0
2156,Au-185,791850,0.0,39.0
2157,Au-185m,791851,0.0,39.0
2158,Au-186,791860,0.0,39.0
2159,Au-187,791870,3.0,39.0
2160,Au-187m,791871,1.0,35.0
2161,Au-188,791880,1.0,39.0
2162,Au-189,791890,1.0,39.0
2163,Au-189m,791891,1.0,36.0
2164,Au-190,791900,1.0,38.0
2165,Au-191,791910,1.0,38.0
2166,Au-191m,791911,1.0,0.0
2167,Au-192,791920,1.0,38.0
2168,Au-192m,791921,1.0,0.0
2169,Au-193,791930,28.0,38.0
2170,Au-193m,791931,2.0,38.0
2171,Au-194,791940,29.0,33.0
2172,Au-194m,791941,1.0,0.0
2173,Au-194n,791942,1.0,0.0
2174,Au-195,791950,30.0,35.0
2175,Au-195m,791951,1.0,36.0
2176,Au-196,791960,30.0,34.0
2177,Au-196m,791961,1.0,34.0
2178,Au-196n,791962,1.0,34.0
2179,Au-197,791970,27.0,31.0
2180,Au-197m,791971,1.0,33.0
2181,Au-198,791980,27.0,31.0
2182,Au-198m,791981,26.0,32.0
2183,Au-199,791990,25.0,30.0
2184,Au-200,792000,1.0,30.0
2185,Au-200m,792001,23.0,32.0
2186,Au-201,792010,1.0,29.0
2187,Au-202,792020,1.0,22.0
2188,Au-203,792030,1.0,29.0
2189,Au-204,792040,1.0,22.0
2190,Au-205,792050,0.0,22.0
2191,Au-206,792060,0.0,22.0
2192,Au-207,792070,0.0,22.0
2193,Au-208,792080,0.0,22.0
2194,Au-209,792090,0.0,22.0
2195,Au-210,792100,0.0,22.0
2196,Hg-179,801790,0.0,39.0
2197,Hg-180,801800,0.0,36.0
2198,Hg-181,801810,0.0,35.0
2199,Hg-182,801820,0.0,40.0
2200,Hg-183,801830,0.0,38.0
2201,Hg-184,801840,0.0,37.0
2202,Hg-185,801850,0.0,38.0
2203,Hg-185m,801851,0.0,33.0
2204,Hg-186,801860,0.0,38.0
2205,Hg-187,801870,0.0,38.0
2206,Hg-187m,801871,0.0,38.0
2207,Hg-188,801880,0.0,37.0
2208,Hg-189,801890,0.0,38.0
2209,Hg-189m,801891,0.0,38.0
2210,Hg-190,801900,1.0,37.0
2211,Hg-191,801910,1.0,38.0
2212,Hg-191m,801911,1.0,32.0
2213,Hg-192,801920,1.0,37.0
2214,Hg-193,801930,20.0,38.0
2215,Hg-193m,801931,20.0,38.0
2216,Hg-194,801940,24.0,36.0
2217,Hg-195,801950,24.0,37.0
2218,Hg-195m,801951,24.0,37.0
2219,Hg-196,801960,26.0,36.0
2220,Hg-197,801970,26.0,35.0
2221,Hg-197m,801971,26.0,35.0
2222,Hg-198,801980,25.0,34.0
2223,Hg-199,801990,24.0,33.0
2224,Hg-199m,801991,1.0,33.0
2225,Hg-200,802000,22.0,30.0
2226,Hg-201,802010,21.0,31.0
2227,Hg-202,802020,18.0,30.0
2228,Hg-203,802030,19.0,30.0
2229,Hg-204,802040,14.0,29.0
2230,Hg-205,802050,1.0,30.0
2231,Hg-206,802060,1.0,28.0
2232,Hg-207,802070,1.0,23.0
2233,Hg-208,802080,1.0,30.0
2234,Hg-209,802090,1.0,22.0
2235,Hg-210,802100,0.0,30.0
2236,Hg-211,802110,0.0,22.0
2237,Hg-212,802120,0.0,22.0
2238,Hg-213,802130,0.0,22.0
2239,Hg-214,802140,0.0,22.0
2240,Hg-215,802150,0.0,22.0
2241,Tl-180,811800,0.0,35.0
2242,Tl-181,811810,0.0,37.0
2243,Tl-182,811820,0.0,34.0
2244,Tl-183,811830,0.0,34.0
2245,Tl-184,811840,0.0,33.0
2246,Tl-185,811850,0.0,41.0
2247,Tl-185m,811851,0.0,36.0
2248,Tl-186,811860,0.0,43.0
2249,Tl-186m,811861,0.0,35.0
2250,Tl-187,811870,0.0,40.0
2251,Tl-187m,811871,0.0,33.0
2252,Tl-188,811880,0.0,39.0
2253,Tl-188m,811881,0.0,33.0
2254,Tl-189,811890,0.0,39.0
2255,Tl-189m,811891,0.0,32.0
2256,Tl-190,811900,0.0,30.0
2257,Tl-191,811910,0.0,39.0
2258,Tl-191m,811911,0.0,32.0
2259,Tl-192,811920,0.0,38.0
2260,Tl-192m,811921,0.0,31.0
2261,Tl-193,811930,1.0,38.0
2262,Tl-193m,811931,2.0,34.0
2263,Tl-194,811940,1.0,38.0
2264,Tl-194m,811941,1.0,33.0
2265,Tl-195,811950,1.0,37.0
2266,Tl-195m,811951,1.0,34.0
2267,Tl-196,811960,1.0,37.0
2268,Tl-196m,811961,2.0,38.0
2269,Tl-197,811970,1.0,37.0
2270,Tl-197m,811971,1.0,0.0
2271,Tl-198,811980,1.0,37.0
2272,Tl-198m,811981,2.0,38.0
2273,Tl-199,811990,1.0,35.0
2274,Tl-200,812000,23.0,35.0
2275,Tl-201,812010,20.0,34.0
2276,Tl-202,812020,19.0,33.0
2277,Tl-203,812030,17.0,32.0
2278,Tl-204,812040,18.0,31.0
2279,Tl-205,812050,17.0,31.0
2280,Tl-206,812060,1.0,29.0
2281,Tl-206m,812061,1.0,33.0
2282,Tl-207,812070,1.0,29.0
2283,Tl-207m,812071,1.0,31.0
2284,Tl-208,812080,1.0,31.0
2285,Tl-209,812090,1.0,30.0
2286,Tl-210,812100,2.0,31.0
2287,Tl-211,812110,0.0,22.0
2288,Tl-212,812120,0.0,22.0
2289,Tl-213,812130,0.0,22.0
2290,Tl-214,812140,0.0,22.0
2291,Tl-215,812150,0.0,22.0
2292,Tl-216,812160,0.0,22.0
2293,Tl-217,812170,0.0,22.0
2294,Pb-185,821850,0.0,41.0
2295,Pb-185m,821851,0.0,34.0
2296,Pb-186,821860,0.0,35.0
2297,Pb-187,821870,0.0,34.0
2298,Pb-187m,821871,0.0,33.0
2299,Pb-188,821880,0.0,40.0
2300,Pb-189,821890,0.0,40.0
2301,Pb-189m,821891,0.0,32.0
2302,Pb-190,821900,0.0,34.0
2303,Pb-191,821910,0.0,39.0
2304,Pb-191m,821911,0.0,32.0
2305,Pb-192,821920,0.0,38.0
2306,Pb-193,821930,0.0,38.0
2307,Pb-193m,821931,0.0,31.0
2308,Pb-194,821940,0.0,38.0
2309,Pb-195,821950,1.0,38.0
2310,Pb-195m,821951,1.0,31.0
2311,Pb-196,821960,1.0,37.0
2312,Pb-197,821970,1.0,37.0
2313,Pb-197m,821971,2.0,30.0
2314,Pb-198,821980,1.0,37.0
2315,Pb-199,821990,1.0,37.0
2316,Pb-199m,821991,2.0,37.0
2317,Pb-200,822000,22.0,37.0
2318,Pb-201,822010,1.0,37.0
2319,Pb-201m,822011,1.0,37.0
2320,Pb-202,822020,21.0,35.0
2321,Pb-202m,822021,2.0,37.0
2322,Pb-203,822030,22.0,34.0
2323,Pb-203m,822031,1.0,34.0
2324,Pb-203n,822032,1.0,0.0
2325,Pb-204,822040,20.0,35.0
2326,Pb-204m,822041,1.0,37.0
2327,Pb-205,822050,19.0,33.0
2328,Pb-206,822060,19.0,35.0
2329,Pb-207,822070,19.0,32.0
2330,Pb-207m,822071,1.0,0.0
2331,Pb-208,822080,18.0,31.0
2332,Pb-209,822090,20.0,33.0
2333,Pb-210,822100,18.0,31.0
2334,Pb-211,822110,1.0,32.0
2335,Pb-212,822120,1.0,32.0
2336,Pb-213,822130,1.0,23.0
2337,Pb-214,822140,1.0,30.0
2338,Pb-215,822150,0.0,23.0
2339,Pb-216,822160,0.0,22.0
2340,Pb-217,822170,0.0,22.0
2341,Pb-218,822180,0.0,22.0
2342,Pb-219,822190,0.0,22.0
2343,Pb-220,822200,0.0,22.0
2344,Bi-190,831900,0.0,42.0
2345,Bi-190m,831901,0.0,36.0
2346,Bi-191,831910,0.0,35.0
2347,Bi-192,831920,0.0,40.0
2348,Bi-192m,831921,0.0,33.0
2349,Bi-193,831930,0.0,33.0
2350,Bi-193m,831931,0.0,39.0
2351,Bi-194,831940,0.0,39.0
2352,Bi-194m,831941,0.0,32.0
2353,Bi-194n,831942,0.0,33.0
2354,Bi-195,831950,0.0,32.0
2355,Bi-195m,831951,0.0,32.0
2356,Bi-196,831960,0.0,39.0
2357,Bi-196m,831961,0.0,33.0
2358,Bi-197,831970,0.0,32.0
2359,Bi-197m,831971,0.0,32.0
2360,Bi-198,831980,0.0,32.0
2361,Bi-198m,831981,0.0,33.0
2362,Bi-198n,831982,0.0,34.0
2363,Bi-199,831990,0.0,38.0
2364,Bi-199m,831991,0.0,38.0
2365,Bi-200,832000,1.0,38.0
2366,Bi-200m,832001,1.0,38.0
2367,Bi-201,832010,1.0,38.0
2368,Bi-201m,832011,3.0,38.0
2369,Bi-202,832020,1.0,38.0
2370,Bi-203,832030,20.0,38.0
2371,Bi-203m,832031,1.0,0.0
2372,Bi-204,832040,1.0,38.0
2373,Bi-205,832050,21.0,38.0
2374,Bi-206,832060,20.0,37.0
2375,Bi-207,832070,21.0,38.0
2376,Bi-207m,832071,1.0,0.0
2377,Bi-208,832080,20.0,36.0
2378,Bi-208m,832081,1.0,0.0
2379,Bi-209,832090,22.0,33.0
2380,Bi-210,832100,22.0,39.0
2381,Bi-210m,832101,21.0,39.0
2382,Bi-211,832110,3.0,38.0
2383,Bi-212,832120,3.0,38.0
2384,Bi-212m,832121,3.0,38.0
2385,Bi-212n,832122,1.0,39.0
2386,Bi-213,832130,3.0,34.0
2387,Bi-214,832140,3.0,33.0
2388,Bi-215,832150,1.0,25.0
2389,Bi-215m,832151,0.0,33.0
2390,Bi-216,832160,0.0,32.0
2391,Bi-216m,832161,0.0,32.0
2392,Bi-217,832170,0.0,23.0
2393,Bi-218,832180,0.0,23.0
2394,Bi-219,832190,0.0,22.0
2395,Bi-220,832200,0.0,23.0
2396,Bi-221,832210,0.0,22.0
2397,Bi-222,832220,0.0,22.0
2398,Bi-223,832230,0.0,22.0
2399,Po-195,841950,0.0,39.0
2400,Po-195m,841951,0.0,32.0
2401,Po-196,841960,0.0,38.0
2402,Po-197,841970,0.0,38.0
2403,Po-197m,841971,0.0,31.0
2404,Po-198,841980,0.0,38.0
2405,Po-199,841990,0.0,36.0
2406,Po-199m,841991,0.0,31.0
2407,Po-200,842000,0.0,37.0
2408,Po-201,842010,0.0,38.0
2409,Po-201m,842011,0.0,31.0
2410,Po-202,842020,3.0,37.0
2411,Po-203,842030,3.0,37.0
2412,Po-203m,842031,2.0,31.0
2413,Po-204,842040,3.0,37.0
2414,Po-205,842050,3.0,37.0
2415,Po-206,842060,22.0,37.0
2416,Po-207,842070,21.0,37.0
2417,Po-207m,842071,1.0,38.0
2418,Po-208,842080,21.0,37.0
2419,Po-209,842090,20.0,38.0
2420,Po-210,842100,21.0,38.0
2421,Po-211,842110,2.0,0.0
2422,Po-211m,842111,2.0,40.0
2423,Po-212,842120,2.0,0.0
2424,Po-212m,842121,3.0,35.0
2425,Po-212n,842122,2.0,0.0
2426,Po-213,842130,2.0,0.0
2427,Po-214,842140,2.0,0.0
2428,Po-215,842150,3.0,0.0
2429,Po-216,842160,2.0,0.0
2430,Po-217,842170,3.0,35.0
2431,Po-218,842180,3.0,32.0
2432,Po-219,842190,1.0,24.0
2433,Po-220,842200,0.0,24.0
2434,Po-221,842210,0.0,24.0
2435,Po-222,842220,0.0,22.0
2436,Po-223,842230,0.0,23.0
2437,Po-224,842240,0.0,22.0
2438,Po-225,842250,0.0,22.0
2439,Po-226,842260,0.0,22.0
2440,Po-227,842270,0.0,22.0
2441,At-197m,851971,0.0,41.0
2442,At-198,851980,0.0,40.0
2443,At-198m,851981,0.0,33.0
2444,At-199,851990,0.0,39.0
2445,At-200,852000,0.0,39.0
2446,At-200m,852001,0.0,32.0
2447,At-200n,852002,0.0,33.0
2448,At-201,852010,0.0,37.0
2449,At-202,852020,0.0,39.0
2450,At-202m,852021,0.0,32.0
2451,At-203,852030,0.0,38.0
2452,At-204,852040,0.0,34.0
2453,At-205,852050,3.0,38.0
2454,At-206,852060,3.0,39.0
2455,At-207,852070,3.0,38.0
2456,At-208,852080,3.0,38.0
2457,At-209,852090,3.0,38.0
2458,At-210,852100,3.0,38.0
2459,At-211,852110,3.0,38.0
2460,At-212,852120,4.0,0.0
2461,At-212m,852121,3.0,0.0
2462,At-213,852130,2.0,0.0
2463,At-214,852140,2.0,0.0
2464,At-215,852150,2.0,0.0
2465,At-216,852160,2.0,0.0
2466,At-217,852170,3.0,0.0
2467,At-218,852180,3.0,30.0
2468,At-219,852190,3.0,30.0
2469,At-220,852200,1.0,29.0
2470,At-221,852210,1.0,26.0
2471,At-222,852220,1.0,24.0
2472,At-223,852230,0.0,23.0
2473,At-224,852240,0.0,23.0
2474,At-225,852250,0.0,22.0
2475,At-226,852260,0.0,23.0
2476,At-227,852270,0.0,22.0
2477,At-228,852280,0.0,22.0
2478,At-229,852290,0.0,22.0
2479,Rn-200,862000,0.0,32.0
2480,Rn-201,862010,0.0,39.0
2481,Rn-201m,862011,0.0,31.0
2482,Rn-202,862020,0.0,38.0
2483,Rn-203,862030,0.0,38.0
2484,Rn-203m,862031,0.0,31.0
2485,Rn-204,862040,0.0,38.0
2486,Rn-205,862050,0.0,38.0
2487,Rn-206,862060,0.0,38.0
2488,Rn-207,862070,0.0,37.0
2489,Rn-208,862080,3.0,38.0
2490,Rn-209,862090,3.0,38.0
2491,Rn-210,862100,3.0,38.0
2492,Rn-211,862110,11.0,38.0
2493,Rn-212,862120,2.0,39.0
2494,Rn-213,862130,2.0,0.0
2495,Rn-214,862140,2.0,0.0
2496,Rn-215,862150,2.0,0.0
2497,Rn-216,862160,2.0,0.0
2498,Rn-217,862170,2.0,0.0
2499,Rn-218,862180,2.0,0.0
2500,Rn-219,862190,2.0,39.0
2501,Rn-220,862200,2.0,37.0
2502,Rn-221,862210,3.0,37.0
2503,Rn-222,862220,13.0,35.0
2504,Rn-223,862230,1.0,26.0
2505,Rn-224,862240,1.0,24.0
2506,Rn-225,862250,1.0,24.0
2507,Rn-226,862260,0.0,23.0
2508,Rn-227,862270,0.0,23.0
2509,Rn-228,862280,0.0,22.0
2510,Rn-229,862290,0.0,22.0
2511,Rn-230,862300,0.0,22.0
2512,Fr-204,872040,0.0,40.0
2513,Fr-204m,872041,0.0,33.0
2514,Fr-205,872050,0.0,31.0
2515,Fr-206,872060,0.0,39.0
2516,Fr-206m,872061,0.0,32.0
2517,Fr-207,872070,0.0,38.0
2518,Fr-208,872080,0.0,39.0
2519,Fr-209,872090,0.0,31.0
2520,Fr-210,872100,0.0,39.0
2521,Fr-211,872110,0.0,39.0
2522,Fr-212,872120,0.0,39.0
2523,Fr-213,872130,0.0,36.0
2524,Fr-218,872180,2.0,0.0
2525,Fr-219,872190,2.0,0.0
2526,Fr-220,872200,2.0,41.0
2527,Fr-221,872210,2.0,38.0
2528,Fr-222,872220,1.0,38.0
2529,Fr-223,872230,3.0,37.0
2530,Fr-224,872240,1.0,28.0
2531,Fr-225,872250,1.0,33.0
2532,Fr-226,872260,1.0,25.0
2533,Fr-227,872270,1.0,31.0
2534,Fr-228,872280,1.0,23.0
2535,Fr-229,872290,0.0,22.0
2536,Fr-230,872300,0.0,23.0
2537,Fr-231,872310,0.0,22.0
2538,Fr-232,872320,0.0,22.0
2539,Fr-233,872330,0.0,22.0
2540,Ra-207,882070,0.0,40.0
2541,Ra-208,882080,0.0,39.0
2542,Ra-209,882090,0.0,31.0
2543,Ra-210,882100,0.0,39.0
2544,Ra-211,882110,0.0,38.0
2545,Ra-212,882120,0.0,38.0
2546,Ra-213,882130,0.0,39.0
2547,Ra-214,882140,0.0,35.0
2548,Ra-220,882200,2.0,0.0
2549,Ra-221,882210,2.0,45.0
2550,Ra-222,882220,2.0,40.0
2551,Ra-223,882230,17.0,38.0
2552,Ra-224,882240,16.0,37.0
2553,Ra-225,882250,15.0,37.0
2554,Ra-226,882260,14.0,33.0
2555,Ra-227,882270,1.0,33.0
2556,Ra-228,882280,14.0,32.0
2557,Ra-229,882290,1.0,32.0
2558,Ra-230,882300,1.0,31.0
2559,Ra-231,882310,1.0,31.0
2560,Ra-232,882320,0.0,31.0
2561,Ra-233,882330,0.0,23.0
2562,Ra-234,882340,0.0,22.0
2563,Ra-235,882350,0.0,22.0
2564,Ac-214,892140,0.0,40.0
2565,Ac-222,892220,2.0,44.0
2566,Ac-222m,892221,3.0,44.0
2567,Ac-223,892230,3.0,41.0
2568,Ac-224,892240,3.0,41.0
2569,Ac-225,892250,18.0,38.0
2570,Ac-226,892260,18.0,37.0
2571,Ac-227,892270,17.0,36.0
2572,Ac-228,892280,1.0,34.0
2573,Ac-229,892290,1.0,32.0
2574,Ac-230,892300,1.0,32.0
2575,Ac-231,892310,1.0,31.0
2576,Ac-232,892320,1.0,31.0
2577,Ac-233,892330,1.0,23.0
2578,Ac-234,892340,1.0,23.0
2579,Ac-235,892350,0.0,23.0
2580,Ac-236,892360,0.0,23.0
2581,Ac-237,892370,0.0,22.0
2582,Th-215,902150,0.0,30.0
2583,Th-224,902240,2.0,37.0
2584,Th-225,902250,3.0,35.0
2585,Th-226,902260,2.0,38.0
2586,Th-227,902270,17.0,39.0
2587,Th-228,902280,15.0,33.0
2588,Th-229,902290,17.0,32.0
2589,Th-230,902300,13.0,32.0
2590,Th-231,902310,14.0,32.0
2591,Th-232,902320,13.0,23.0
2592,Th-233,902330,1.0,32.0
2593,Th-234,902340,14.0,31.0
2594,Th-235,902350,1.0,24.0
2595,Th-236,902360,0.0,23.0
2596,Th-237,902370,0.0,23.0
2597,Th-238,902380,0.0,23.0
2598,Th-239,902390,0.0,23.0
2599,Pa-225,912250,0.0,34.0
2600,Pa-226,912260,2.0,32.0
2601,Pa-227,912270,3.0,31.0
2602,Pa-228,912280,16.0,31.0
2603,Pa-229,912290,16.0,37.0
2604,Pa-230,912300,17.0,29.0
2605,Pa-231,912310,15.0,33.0
2606,Pa-232,912320,16.0,27.0
2607,Pa-233,912330,15.0,32.0
2608,Pa-234,912340,1.0,32.0
2609,Pa-234m,912341,2.0,32.0
2610,Pa-235,912350,1.0,32.0
2611,Pa-236,912360,1.0,32.0
2612,Pa-237,912370,1.0,31.0
2613,Pa-238,912380,1.0,23.0
2614,Pa-239,912390,0.0,23.0
2615,Pa-240,912400,0.0,23.0
2616,Pa-241,912410,0.0,22.0
2617,U-227,922270,0.0,33.0
2618,U-228,922280,3.0,39.0
2619,U-229,922290,3.0,39.0
2620,U-230,922300,16.0,34.0
2621,U-231,922310,16.0,35.0
2622,U-232,922320,15.0,35.0
2623,U-233,922330,16.0,15.0
2624,U-234,922340,17.0,33.0
2625,U-235,922350,16.0,25.0
2626,U-235m,922351,1.0,32.0
2627,U-236,922360,15.0,32.0
2628,U-237,922370,16.0,32.0
2629,U-238,922380,13.0,16.0
2630,U-239,922390,1.0,32.0
2631,U-240,922400,1.0,31.0
2632,U-241,922410,1.0,23.0
2633,U-242,922420,1.0,23.0
2634,U-243,922430,1.0,23.0
2635,U-244,922440,1.0,0.0
2636,U-245,922450,1.0,0.0
2637,Np-228,932280,0.0,33.0
2638,Np-229,932290,0.0,32.0
2639,Np-230,932300,3.0,31.0
2640,Np-231,932310,3.0,31.0
2641,Np-232,932320,1.0,39.0
2642,Np-233,932330,3.0,36.0
2643,Np-234,932340,16.0,27.0
2644,Np-235,932350,19.0,35.0
2645,Np-236,932360,20.0,34.0
2646,Np-236m,932361,2.0,34.0
2647,Np-237,932370,16.0,32.0
2648,Np-238,932380,17.0,33.0
2649,Np-239,932390,15.0,32.0
2650,Np-240,932400,1.0,32.0
2651,Np-240m,932401,2.0,32.0
2652,Np-241,932410,1.0,23.0
2653,Np-242,932420,1.0,32.0
2654,Np-242m,932421,1.0,32.0
2655,Np-243,932430,1.0,31.0
2656,Np-244,932440,1.0,23.0
2657,Np-245,932450,1.0,23.0
2658,Np-246,932460,1.0,0.0
2659,Pu-228,942280,0.0,37.0
2660,Pu-229,942290,0.0,34.0
2661,Pu-230,942300,0.0,31.0
2662,Pu-231,942310,0.0,31.0
2663,Pu-232,942320,3.0,31.0
2664,Pu-233,942330,3.0,29.0
2665,Pu-234,942340,3.0,28.0
2666,Pu-235,942350,3.0,29.0
2667,Pu-236,942360,19.0,32.0
2668,Pu-237,942370,19.0,36.0
2669,Pu-237m,942371,1.0,0.0
2670,Pu-238,942380,18.0,35.0
2671,Pu-239,942390,17.0,15.0
2672,Pu-240,942400,16.0,32.0
2673,Pu-241,942410,16.0,32.0
2674,Pu-242,942420,16.0,32.0
2675,Pu-243,942430,1.0,32.0
2676,Pu-244,942440,18.0,31.0
2677,Pu-245,942450,1.0,32.0
2678,Pu-246,942460,17.0,31.0
2679,Pu-247,942470,1.0,23.0
2680,Am-230,952300,0.0,37.0
2681,Am-231,952310,0.0,32.0
2682,Am-232,952320,0.0,31.0
2683,Am-233,952330,0.0,31.0
2684,Am-234,952340,0.0,30.0
2685,Am-235,952350,0.0,30.0
2686,Am-236,952360,0.0,37.0
2687,Am-236m,952361,0.0,30.0
2688,Am-237,952370,3.0,29.0
2689,Am-238,952380,3.0,29.0
2690,Am-239,952390,3.0,35.0
2691,Am-240,952400,18.0,36.0
2692,Am-241,952410,16.0,35.0
2693,Am-242,952420,16.0,32.0
2694,Am-242m,952421,15.0,36.0
2695,Am-243,952430,16.0,32.0
2696,Am-244,952440,1.0,32.0
2697,Am-244m,952441,2.0,32.0
2698,Am-245,952450,1.0,32.0
2699,Am-246,952460,1.0,25.0
2700,Am-246m,952461,1.0,25.0
2701,Am-247,952470,1.0,23.0
2702,Am-248,952480,1.0,23.0
2703,Am-249,952490,0.0,23.0
2704,Cm-232,962320,0.0,30.0
2705,Cm-233,962330,0.0,31.0
2706,Cm-234,962340,0.0,28.0
2707,Cm-235,962350,0.0,37.0
2708,Cm-236,962360,0.0,35.0
2709,Cm-237,962370,0.0,34.0
2710,Cm-238,962380,3.0,36.0
2711,Cm-239,962390,1.0,37.0
2712,Cm-240,962400,17.0,30.0
2713,Cm-241,962410,17.0,33.0
2714,Cm-242,962420,16.0,29.0
2715,Cm-243,962430,17.0,34.0
2716,Cm-244,962440,15.0,32.0
2717,Cm-245,962450,15.0,32.0
2718,Cm-246,962460,16.0,32.0
2719,Cm-247,962470,16.0,32.0
2720,Cm-248,962480,14.0,32.0
2721,Cm-249,962490,0.0,32.0
2722,Cm-250,962500,0.0,31.0
2723,Cm-251,962510,0.0,24.0
2724,Cm-252,962520,0.0,23.0
2725,Bk-234,972340,0.0,27.0
2726,Bk-235,972350,0.0,28.0
2727,Bk-236,972360,0.0,28.0
2728,Bk-237,972370,0.0,27.0
2729,Bk-238,972380,0.0,27.0
2730,Bk-239,972390,0.0,26.0
2731,Bk-240,972400,0.0,33.0
2732,Bk-241,972410,0.0,36.0
2733,Bk-242,972420,0.0,38.0
2734,Bk-243,972430,0.0,32.0
2735,Bk-244,972440,0.0,37.0
2736,Bk-245,972450,0.0,28.0
2737,Bk-246,972460,0.0,28.0
2738,Bk-247,972470,0.0,34.0
2739,Bk-248,972480,0.0,34.0
2740,Bk-248m,972481,0.0,34.0
2741,Bk-249,972490,0.0,32.0
2742,Bk-250,972500,0.0,32.0
2743,Bk-251,972510,0.0,32.0
2744,Bk-252,972520,0.0,24.0
2745,Bk-253,972530,0.0,23.0
2746,Bk-254,972540,0.0,23.0
2747,Cf-239,982390,0.0,27.0
2748,Cf-240,982400,0.0,28.0
2749,Cf-241,982410,0.0,36.0
2750,Cf-242,982420,0.0,26.0
2751,Cf-243,982430,0.0,35.0
2752,Cf-244,982440,0.0,38.0
2753,Cf-245,982450,0.0,37.0
2754,Cf-246,982460,0.0,30.0
2755,Cf-247,982470,0.0,36.0
2756,Cf-248,982480,0.0,35.0
2757,Cf-249,982490,0.0,32.0
2758,Cf-250,982500,0.0,32.0
2759,Cf-251,982510,0.0,32.0
2760,Cf-252,982520,0.0,32.0
2761,Cf-253,982530,0.0,32.0
2762,Cf-254,982540,0.0,23.0
2763,Cf-255,982550,0.0,24.0
2764,Cf-256,982560,0.0,23.0
2765,Es-239,992390,0.0,25.0
2766,Es-240,992400,0.0,28.0
2767,Es-241,992410,0.0,29.0
2768,Es-242,992420,0.0,30.0
2769,Es-243,992430,0.0,38.0
2770,Es-244,992440,0.0,38.0
2771,Es-245,992450,0.0,29.0
2772,Es-246,992460,0.0,30.0
2773,Es-247,992470,0.0,38.0
2774,Es-248,992480,0.0,30.0
2775,Es-249,992490,0.0,37.0
2776,Es-250,992500,0.0,35.0
2777,Es-250m,992501,0.0,37.0
2778,Es-251,992510,0.0,35.0
2779,Es-252,992520,0.0,34.0
2780,Es-253,992530,0.0,32.0
2781,Es-254,992540,0.0,33.0
2782,Es-254m,992541,0.0,33.0
2783,Es-255,992550,0.0,24.0
2784,Es-256,992560,0.0,32.0
2785,Es-256m,992561,0.0,32.0
2786,Es-257,992570,0.0,24.0
2787,Es-258,992580,0.0,24.0
2788,Fm-245,1002450,0.0,30.0
2789,Fm-246,1002460,0.0,30.0
2790,Fm-247,1002470,0.0,39.0
2791,Fm-247m,1002471,0.0,39.0
2792,Fm-248,1002480,0.0,39.0
2793,Fm-249,1002490,0.0,38.0
2794,Fm-250,1002500,0.0,37.0
2795,Fm-250m,1002501,0.0,38.0
2796,Fm-251,1002510,0.0,38.0
2797,Fm-252,1002520,0.0,35.0
2798,Fm-253,1002530,0.0,34.0
2799,Fm-254,1002540,0.0,35.0
2800,Fm-255,1002550,0.0,33.0
2801,Fm-256,1002560,0.0,32.0
2802,Fm-257,1002570,0.0,24.0
2803,Fm-259,1002590,0.0,24.0
2804,Fm-260,1002600,0.0,22.0
2805,Md-246m,1012461,0.0,38.0
2806,Md-247,1012470,0.0,31.0
2807,Md-248,1012480,0.0,31.0
2808,Md-249,1012490,0.0,39.0
2809,Md-249m,1012491,0.0,39.0
2810,Md-250,1012500,0.0,39.0
2811,Md-251,1012510,0.0,37.0
2812,Md-252,1012520,0.0,40.0
2813,Md-253,1012530,0.0,38.0
2814,Md-254,1012540,0.0,38.0
2815,Md-254m,1012541,0.0,39.0
2816,Md-255,1012550,0.0,36.0
2817,Md-256,1012560,0.0,36.0
2818,Md-257,1012570,0.0,28.0
2819,Md-258,1012580,0.0,34.0
2820,Md-258m,1012581,0.0,34.0
2821,Md-259,1012590,0.0,24.0
2822,Md-260,1012600,0.0,23.0
2823,Md-261,1012610,0.0,23.0
2824,Md-262,1012620,0.0,22.0
2825,No-251m,1022511,0.0,35.0
2826,No-252,1022520,0.0,33.0
2827,No-253,1022530,0.0,40.0
2828,No-254,1022540,0.0,35.0
2829,No-255,1022550,0.0,30.0
2830,No-256,1022560,0.0,30.0
2831,No-257,1022570,0.0,31.0
2832,No-259,1022590,0.0,27.0
2833,No-261,1022610,0.0,24.0
2834,No-263,1022630,0.0,23.0
2835,No-264,1022640,0.0,22.0
2836,Lr-253m,1032531,0.0,40.0
2837,Lr-254,1032540,0.0,39.0
2838,Lr-255,1032550,0.0,39.0
2839,Lr-255m,1032551,0.0,35.0
2840,Lr-256,1032560,0.0,39.0
2841,Lr-257,1032570,0.0,39.0
2842,Lr-258,1032580,0.0,32.0
2843,Lr-259,1032590,0.0,31.0
2844,Lr-260,1032600,0.0,31.0
2845,Lr-261,1032610,0.0,28.0
2846,Lr-262,1032620,0.0,26.0
2847,Lr-263,1032630,0.0,25.0
2848,Lr-264,1032640,0.0,23.0
2849,Lr-265,1032650,0.0,23.0
2850,Lr-266,1032660,0.0,22.0
2851,Rf-255,1042550,0.0,41.0
2852,Rf-257,1042570,0.0,39.0
2853,Rf-257m,1042571,0.0,39.0
2854,Rf-259,1042590,0.0,31.0
2855,Rf-261,1042610,0.0,39.0
2856,Rf-261m,1042611,0.0,39.0
2857,Rf-263,1042630,0.0,28.0
2858,Rf-264,1042640,0.0,26.0
2859,Rf-265,1042650,0.0,24.0
2860,Rf-266,1042660,0.0,23.0
2861,Rf-267,1042670,0.0,23.0
2862,Rf-268,1042680,0.0,22.0
2863,Db-255,1052550,0.0,37.0
2864,Db-256,1052560,0.0,37.0
2865,Db-257,1052570,0.0,44.0
2866,Db-258,1052580,0.0,42.0
2867,Db-258m,1052581,0.0,42.0
2868,Db-260,1052600,0.0,42.0
2869,Db-261,1052610,0.0,35.0
2870,Db-262,1052620,0.0,34.0
2871,Db-263,1052630,0.0,30.0
2872,Db-264,1052640,0.0,31.0
2873,Db-265,1052650,0.0,29.0
2874,Db-266,1052660,0.0,26.0
2875,Db-267,1052670,0.0,23.0
2876,Db-268,1052680,0.0,23.0
2877,Db-269,1052690,0.0,23.0
2878,Db-270,1052700,0.0,21.0
2879,Sg-265,1062650,0.0,39.0
2880,Sg-265m,1062651,0.0,35.0
2881,Sg-267,1062670,0.0,28.0
2882,Sg-268,1062680,0.0,25.0
2883,Sg-269,1062690,0.0,23.0
2884,Sg-270,1062700,0.0,22.0
2885,Sg-271,1062710,0.0,22.0
2886,Sg-272,1062720,0.0,31.0
2887,Sg-273,1062730,0.0,18.0
2888,Bh-264,1072640,0.0,44.0
2889,Bh-265,1072650,0.0,34.0
2890,Bh-266,1072660,0.0,31.0
2891,Bh-267,1072670,0.0,30.0
2892,Bh-268,1072680,0.0,29.0
2893,Bh-269,1072690,0.0,27.0
2894,Bh-270,1072700,0.0,26.0
2895,Bh-271,1072710,0.0,22.0
2896,Bh-272,1072720,0.0,21.0
2897,Bh-273,1072730,0.0,21.0
2898,Bh-274,1072740,0.0,19.0
2899,Bh-275,1072750,0.0,16.0
2900,Hs-268,1082680,0.0,34.0
2901,Hs-269,1082690,0.0,31.0
2902,Hs-270,1082700,0.0,28.0
2903,Hs-271,1082710,0.0,28.0
2904,Hs-272,1082720,0.0,25.0
2905,Mt-277,1092770,0.0,17.0
2906,Mt-278,1092780,0.0,17.0
2907,Mt-279,1092790,0.0,15.0
2908,Ds-280,1102800,0.0,17.0
2909,Ds-281,1102810,0.0,15.0
2910,Rg-280,1112800,0.0,22.0
2911,Rg-281,1112810,0.0,19.0
2912,Rg-282,1112820,0.0,19.0
2913,Rg-283,1112830,0.0,17.0
2914,Cn-283,1122830,0.0,17.0
2915,Cn-285,1122850,0.0,12.0
2916,Nh-284,1132840,0.0,23.0
2917,Nh-285,1132850,0.0,18.0
2918,Nh-286,1132860,0.0,18.0
2919,Nh-287,1132870,0.0,17.0
2920,Mc-291,1152910,0.0,26.0
