,Parent KZA,Daughter KZA,Emitted Particles,Non-Zero Groups,Cross Sections
0,821900,821900,n,71,"[1.230997, 1.548273, 1.6427, 1.7709, 1.942998, 1.987434, 2.021295, 2.051197, 2.076811, 2.100827, 2.133171, 2.15049, 2.162615, 2.165794, 2.152958, 2.123733, 2.075474, 2.011734, 1.93185, 1.836786, 1.732084, 1.612691, 1.483155, 1.336402, 1.231846, 1.143474, 0.9778195, 0.7524202, 0.5038884, 0.288983, 0.1000949, 0.07735811, 0.08011699, 0.08436379, 0.08980541, 0.09479075, 0.09824221, 0.1005526, 0.1029548, 0.1055142, 0.1083313, 0.1113727, 0.1140019, 0.1153643, 0.1159413, 0.1167958, 0.1184719, 0.1212375, 0.1245736, 0.127683, 0.1304954, 0.1327788, 0.1338632, 0.1346897, 0.1338384, 0.1325579, 0.1302757, 0.1248264, 0.1194334, 0.112193, 0.1025927, 0.09726395, 0.09076805, 0.08297605, 0.07298788, 0.06065142, 0.04630726, 0.02846503, 0.02387611, 0.0147488, 0.0009048281]"
1,821900,811870,2nd,1,[6.29252e-19]
2,821900,821890,2n,15,"[0.638974, 0.4095109, 0.3431718, 0.2542857, 0.140295, 0.112035, 0.09096509, 0.07280851, 0.0580161, 0.04413622, 0.0252299, 0.01513569, 0.007021984, 0.001530554, 0.000101486]"
3,821900,821880,3n,1,[4.220304e-05]
4,821900,801860,nα,175,"[0.02407014, 0.01527991, 0.0130982, 0.01025351, 0.006477606, 0.005483877, 0.004717798, 0.004053958, 0.00351252, 0.003007944, 0.002331211, 0.001966741, 0.001647795, 0.001327172, 0.001095425, 0.0009240006, 0.0007890539, 0.0006853338, 0.0006024789, 0.000534789, 0.0004764843, 0.0004230399, 0.0003745147, 0.0003238624, 0.0002897595, 0.0002620107, 0.0002122544, 0.000148282, 8.057069e-05, 2.397586e-05, 1.851642e-06, 3.057849e-07, 1.409868e-07, 6.665795e-08, 2.209768e-08, 7.230526e-09, 3.072909e-09, 1.557067e-09, 7.78159e-10, 4.96209e-10, 3.55192e-10, 2.48667e-10, 1.71022e-10, 1.38902e-10, 1.28815e-10, 1.13877e-10, 8.45725e-11, 4.59972e-11, 2.3171e-11, 8.77953e-12, 6.87393e-12, 5.47679e-12, 4.42657e-12, 3.45654e-12, 2.67379e-12, 1.96921e-12, 1.35768e-12, 9.54793e-13, 5.84246e-13, 2.79269e-13, 1.84174e-13, 8.21704e-14, 1.17922e-14, 4.87383e-15, 8.12865e-17, 1.00001e-20, 1.00001e-20, 1.00002e-20, 1.00003e-20, 1.00003e-20, 1.00004e-20, 1.00004e-20, 1.00004e-20, 1.00005e-20, 1.00005e-20, 1.00006e-20, 1.00006e-20, 1.00007e-20, 1.00007e-20, 1.00008e-20, 1.00008e-20, 1.00008e-20, 1.00009e-20, 1.00009e-20, 1.00009e-20, 1.00009e-20, 1.00009e-20, 1.00009e-20, 1.0001e-20, 1.0001e-20, 1.0001e-20, 1.0001e-20, 1.0001e-20, 1.0001e-20, 1.0001e-20, 1.00011e-20, 1.00011e-20, 1.00011e-20, 1.00011e-20, 1.00011e-20, 1.00011e-20, 1.00011e-20, 1.00011e-20, 1.00011e-20, 1.00012e-20, 1.00012e-20, 1.00012e-20, 1.00012e-20, 1.00012e-20, 1.00012e-20, 1.00012e-20, 1.00012e-20, 1.00012e-20, 1.00012e-20, 1.00012e-20, 1.00013e-20, 1.00013e-20, 1.00013e-20, 1.00013e-20, 1.00013e-20, 1.00013e-20, 1.00013e-20, 1.00013e-20, 1.00013e-20, 1.00013e-20, 1.00013e-20, 1.00013e-20, 1.00013e-20, 1.00013e-20, 1.00013e-20, 1.00013e-20, 1.00013e-20, 1.00013e-20, 1.00013e-20, 1.00013e-20, 1.00013e-20, 1.00013e-20, 1.00013e-20, 1.00013e-20, 1.00013e-20, 1.00013e-20, 1.00013e-20, 1.00013e-20, 1.00013e-20, 1.00013e-20, 1.00013e-20, 1.00013e-20, 1.00013e-20, 1.00013e-20, 1.00013e-20, 1.00013e-20, 1.00013e-20, 1.00013e-20, 1.00013e-20, 1.00013e-20, 1.00013e-20, 1.00013e-20, 1.00013e-20, 1.00013e-20, 1.00013e-20, 1.00013e-20, 1.00013e-20, 1.00013e-20, 1.00013e-20, 1.00013e-20, 1.00013e-20, 1.00013e-20, 1.00013e-20, 1.00013e-20, 1.00013e-20, 1.00013e-20, 1.00013e-20, 1.00016e-20, 1.0006e-20, 1.00293e-20]"
5,821900,801850,2nα,32,"[2.599507e-05, 4.285519e-06, 2.446712e-06, 1.015362e-06, 1.694895e-07, 9.52993e-08, 6.2544e-08, 4.254819e-08, 2.69402e-08, 1.571256e-08, 8.241484e-09, 4.585366e-09, 2.153978e-09, 5.93658e-10, 5.04832e-10, 4.60774e-10, 4.17876e-10, 3.7813e-10, 3.40316e-10, 3.04339e-10, 2.70113e-10, 2.37554e-10, 2.06579e-10, 1.77109e-10, 1.58549e-10, 1.44702e-10, 1.22404e-10, 9.70319e-11, 7.28948e-11, 4.99351e-11, 2.80941e-11, 7.49063e-12]"
6,821900,801840,3nα,11,"[1.3245e-16, 3.60696e-20, 3.26144e-20, 2.76029e-20, 1.90362e-20, 1.61113e-20, 1.34479e-20, 1.07594e-20, 8.14559e-21, 5.35628e-21, 6.68788e-22]"
7,821900,811890,np,38,"[0.3581051, 0.2879322, 0.2602317, 0.2185482, 0.1509086, 0.1298276, 0.1127439, 0.09711783, 0.0832894, 0.07000227, 0.05136527, 0.04054896, 0.03044354, 0.02021197, 0.01281317, 0.007794789, 0.00446647, 0.002437377, 0.001252435, 0.0005950868, 0.0002612157, 0.0001043315, 3.963271e-05, 1.452133e-05, 7.013361e-06, 4.136744e-06, 1.729363e-06, 6.166804e-07, 2.790631e-07, 1.117796e-07, 8.490781e-09, 6.15806e-13, 8.22015e-15, 9.38041e-16, 4.94921e-16, 2.55589e-16, 9.15006e-17, 7.45867e-18]"
8,821900,781820,n2α,175,"[3.102779e-07, 1.047808e-07, 7.542247e-08, 4.441598e-08, 1.51958e-08, 1.013424e-08, 6.958865e-09, 4.657531e-09, 3.180166e-09, 2.039074e-09, 9.42579e-10, 5.26002e-10, 2.79327e-10, 1.13891e-10, 4.62381e-11, 1.88015e-11, 7.58755e-12, 3.18924e-12, 1.38719e-12, 6.34608e-13, 3.14754e-13, 1.71646e-13, 1.05532e-13, 6.89013e-14, 5.25217e-14, 4.28347e-14, 2.94877e-14, 1.66607e-14, 7.33833e-15, 1.91844e-15, 1.90514e-17, 5.58485e-19, 1.96832e-19, 5.2026e-20, 1.04795e-20, 1.00002e-20, 1.00002e-20, 1.00003e-20, 1.00003e-20, 1.00004e-20, 1.00004e-20, 1.00005e-20, 1.00005e-20, 1.00005e-20, 1.00005e-20, 1.00005e-20, 1.00006e-20, 1.00006e-20, 1.00006e-20, 1.00007e-20, 1.00007e-20, 1.00007e-20, 1.00007e-20, 1.00008e-20, 1.00008e-20, 1.00008e-20, 1.00008e-20, 1.00009e-20, 1.00009e-20, 1.00009e-20, 1.00009e-20, 1.0001e-20, 1.0001e-20, 1.0001e-20, 1.0001e-20, 1.0001e-20, 1.0001e-20, 1.00011e-20, 1.00011e-20, 1.00011e-20, 1.00011e-20, 1.00011e-20, 1.00011e-20, 1.00011e-20, 1.00011e-20, 1.00011e-20, 1.00011e-20, 1.00012e-20, 1.00012e-20, 1.00012e-20, 1.00012e-20, 1.00012e-20, 1.00012e-20, 1.00012e-20, 1.00012e-20, 1.00012e-20, 1.00012e-20, 1.00012e-20, 1.00012e-20, 1.00012e-20, 1.00012e-20, 1.00012e-20, 1.00012e-20, 1.00012e-20, 1.00012e-20, 1.00012e-20, 1.00013e-20, 1.00013e-20, 1.00013e-20, 1.00013e-20, 1.00013e-20, 1.00013e-20, 1.00013e-20, 1.00013e-20, 1.00013e-20, 1.00013e-20, 1.00013e-20, 1.00013e-20, 1.00013e-20, 1.00013e-20, 1.00013e-20, 1.00013e-20, 1.00013e-20, 1.00013e-20, 1.00013e-20, 1.00013e-20, 1.00013e-20, 1.00013e-20, 1.00013e-20, 1.00013e-20, 1.00013e-20, 1.00013e-20, 1.00013e-20, 1.00013e-20, 1.00013e-20, 1.00013e-20, 1.00013e-20, 1.00013e-20, 1.00013e-20, 1.00013e-20, 1.00013e-20, 1.00013e-20, 1.00013e-20, 1.00013e-20, 1.00013e-20, 1.00013e-20, 1.00013e-20, 1.00013e-20, 1.00013e-20, 1.00013e-20, 1.00013e-20, 1.00013e-20, 1.00013e-20, 1.00013e-20, 1.00013e-20, 1.00013e-20, 1.00013e-20, 1.00013e-20, 1.00013e-20, 1.00013e-20, 1.00013e-20, 1.00013e-20, 1.00013e-20, 1.00013e-20, 1.00013e-20, 1.00013e-20, 1.00013e-20, 1.00013e-20, 1.00013e-20, 1.00013e-20, 1.00013e-20, 1.00013e-20, 1.00013e-20, 1.00013e-20, 1.00013e-20, 1.00013e-20, 1.00013e-20, 1.00013e-20, 1.00013e-20, 1.00013e-20, 1.00013e-20, 1.00013e-20, 1.00016e-20, 1.0006e-20, 1.00293e-20]"
9,821900,781810,2n2α,175,"[4.1238e-13, 7.33979e-15, 2.03473e-15, 4.33017e-16, 1.09102e-18, 2.19808e-19, 6.53287e-20, 2.1697e-20, 1.17598e-20, 1e-20, 1e-20, 1e-20, 1e-20, 1e-20, 1e-20, 1e-20, 1e-20, 1.00001e-20, 1.00002e-20, 1.00002e-20, 1.00003e-20, 1.00003e-20, 1.00004e-20, 1.00004e-20, 1.00004e-20, 1.00005e-20, 1.00005e-20, 1.00005e-20, 1.00006e-20, 1.00006e-20, 1.00006e-20, 1.00007e-20, 1.00007e-20, 1.00007e-20, 1.00008e-20, 1.00008e-20, 1.00009e-20, 1.00009e-20, 1.00009e-20, 1.00009e-20, 1.0001e-20, 1.0001e-20, 1.0001e-20, 1.0001e-20, 1.0001e-20, 1.0001e-20, 1.0001e-20, 1.0001e-20, 1.0001e-20, 1.0001e-20, 1.00011e-20, 1.00011e-20, 1.00011e-20, 1.00011e-20, 1.00011e-20, 1.00011e-20, 1.00011e-20, 1.00011e-20, 1.00011e-20, 1.00011e-20, 1.00012e-20, 1.00012e-20, 1.00012e-20, 1.00012e-20, 1.00012e-20, 1.00012e-20, 1.00012e-20, 1.00012e-20, 1.00012e-20, 1.00012e-20, 1.00012e-20, 1.00012e-20, 1.00012e-20, 1.00012e-20, 1.00012e-20, 1.00012e-20, 1.00012e-20, 1.00013e-20, 1.00013e-20, 1.00013e-20, 1.00013e-20, 1.00013e-20, 1.00013e-20, 1.00013e-20, 1.00013e-20, 1.00013e-20, 1.00013e-20, 1.00013e-20, 1.00013e-20, 1.00013e-20, 1.00013e-20, 1.00013e-20, 1.00013e-20, 1.00013e-20, 1.00013e-20, 1.00013e-20, 1.00013e-20, 1.00013e-20, 1.00013e-20, 1.00013e-20, 1.00013e-20, 1.00013e-20, 1.00013e-20, 1.00013e-20, 1.00013e-20, 1.00013e-20, 1.00013e-20, 1.00013e-20, 1.00013e-20, 1.00013e-20, 1.00013e-20, 1.00013e-20, 1.00013e-20, 1.00013e-20, 1.00013e-20, 1.00013e-20, 1.00013e-20, 1.00013e-20, 1.00013e-20, 1.00013e-20, 1.00013e-20, 1.00013e-20, 1.00013e-20, 1.00013e-20, 1.00013e-20, 1.00013e-20, 1.00013e-20, 1.00013e-20, 1.00013e-20, 1.00013e-20, 1.00013e-20, 1.00013e-20, 1.00013e-20, 1.00013e-20, 1.00013e-20, 1.00013e-20, 1.00013e-20, 1.00013e-20, 1.00013e-20, 1.00013e-20, 1.00013e-20, 1.00013e-20, 1.00013e-20, 1.00013e-20, 1.00013e-20, 1.00013e-20, 1.00013e-20, 1.00013e-20, 1.00013e-20, 1.00013e-20, 1.00013e-20, 1.00013e-20, 1.00013e-20, 1.00013e-20, 1.00013e-20, 1.00013e-20, 1.00013e-20, 1.00013e-20, 1.00013e-20, 1.00013e-20, 1.00013e-20, 1.00013e-20, 1.00013e-20, 1.00013e-20, 1.00013e-20, 1.00013e-20, 1.00013e-20, 1.00013e-20, 1.00013e-20, 1.00013e-20, 1.00013e-20, 1.00013e-20, 1.00016e-20, 1.0006e-20, 1.00293e-20]"
10,821900,811880,nd,14,"[2.381563e-07, 5.072502e-09, 1.184833e-09, 2.68575e-10, 1.8234e-12, 2.00154e-14, 1.24163e-15, 1.60068e-16, 6.01053e-18, 5.16383e-18, 3.70124e-18, 2.70833e-18, 1.58156e-18, 2.52865e-19]"
11,821900,811870,nt,10,"[1.85335e-10, 1.26234e-13, 2.15827e-15, 4.51234e-16, 3.77411e-19, 3.1124e-19, 2.50981e-19, 1.90158e-19, 1.31023e-19, 6.7781e-20]"
12,821900,801870,n3He,23,"[5.11048e-11, 1.06998e-12, 3.09613e-13, 8.32283e-14, 2.28367e-15, 3.31563e-16, 5.91748e-17, 1.61653e-17, 4.03796e-18, 2.13202e-19, 1.42556e-20, 1.32177e-20, 1.20398e-20, 1.05343e-20, 9.10249e-21, 7.73941e-21, 6.41222e-21, 5.18253e-21, 4.01263e-21, 2.89956e-21, 1.84065e-21, 8.33323e-22, 6.38291e-23]"
13,821900,811880,2np,9,"[5.164205e-05, 2.967952e-07, 1.196254e-08, 2.511692e-09, 1.0974e-12, 5.70203e-16, 4.10303e-16, 2.48902e-16, 9.21059e-17]"
14,821900,801880,n2p,32,"[0.000107577, 2.945044e-05, 1.912355e-05, 9.191887e-06, 1.663432e-06, 7.980873e-07, 4.000891e-07, 1.890821e-07, 8.927352e-08, 3.253765e-08, 6.036943e-09, 1.423929e-09, 3.14848e-10, 2.38911e-11, 1.44316e-12, 7.16493e-14, 2.16098e-15, 5.01128e-17, 1.01597e-18, 5.38519e-19, 4.76874e-19, 4.18231e-19, 3.62442e-19, 3.09365e-19, 2.75937e-19, 2.50996e-19, 2.10836e-19, 1.65138e-19, 1.21664e-19, 8.03113e-20, 4.09734e-20, 6.48882e-21]"
15,821900,791850,npα,175,"[6.698999e-06, 1.412744e-06, 8.803115e-07, 4.146625e-07, 8.087933e-08, 4.229464e-08, 2.339724e-08, 1.253276e-08, 6.826187e-09, 3.197253e-09, 9.08545e-10, 3.32151e-10, 1.12322e-10, 2.1924e-11, 4.10898e-12, 7.48122e-13, 1.28642e-13, 2.10488e-14, 2.90431e-15, 1.66866e-16, 1.1019e-17, 6.06701e-19, 2.89209e-20, 1.00083e-20, 1.00001e-20, 1.00001e-20, 1.00001e-20, 1.00002e-20, 1.00003e-20, 1.00003e-20, 1.00003e-20, 1.00004e-20, 1.00004e-20, 1.00005e-20, 1.00006e-20, 1.00006e-20, 1.00007e-20, 1.00007e-20, 1.00008e-20, 1.00008e-20, 1.00008e-20, 1.00008e-20, 1.00008e-20, 1.00009e-20, 1.00009e-20, 1.00009e-20, 1.00009e-20, 1.00009e-20, 1.00009e-20, 1.00009e-20, 1.0001e-20, 1.0001e-20, 1.0001e-20, 1.0001e-20, 1.0001e-20, 1.0001e-20, 1.0001e-20, 1.00011e-20, 1.00011e-20, 1.00011e-20, 1.00011e-20, 1.00011e-20, 1.00011e-20, 1.00011e-20, 1.00011e-20, 1.00011e-20, 1.00012e-20, 1.00012e-20, 1.00012e-20, 1.00012e-20, 1.00012e-20, 1.00012e-20, 1.00012e-20, 1.00012e-20, 1.00012e-20, 1.00012e-20, 1.00012e-20, 1.00012e-20, 1.00012e-20, 1.00012e-20, 1.00012e-20, 1.00012e-20, 1.00012e-20, 1.00012e-20, 1.00012e-20, 1.00013e-20, 1.00013e-20, 1.00013e-20, 1.00013e-20, 1.00013e-20, 1.00013e-20, 1.00013e-20, 1.00013e-20, 1.00013e-20, 1.00013e-20, 1.00013e-20, 1.00013e-20, 1.00013e-20, 1.00013e-20, 1.00013e-20, 1.00013e-20, 1.00013e-20, 1.00013e-20, 1.00013e-20, 1.00013e-20, 1.00013e-20, 1.00013e-20, 1.00013e-20, 1.00013e-20, 1.00013e-20, 1.00013e-20, 1.00013e-20, 1.00013e-20, 1.00013e-20, 1.00013e-20, 1.00013e-20, 1.00013e-20, 1.00013e-20, 1.00013e-20, 1.00013e-20, 1.00013e-20, 1.00013e-20, 1.00013e-20, 1.00013e-20, 1.00013e-20, 1.00013e-20, 1.00013e-20, 1.00013e-20, 1.00013e-20, 1.00013e-20, 1.00013e-20, 1.00013e-20, 1.00013e-20, 1.00013e-20, 1.00013e-20, 1.00013e-20, 1.00013e-20, 1.00013e-20, 1.00013e-20, 1.00013e-20, 1.00013e-20, 1.00013e-20, 1.00013e-20, 1.00013e-20, 1.00013e-20, 1.00013e-20, 1.00013e-20, 1.00013e-20, 1.00013e-20, 1.00013e-20, 1.00013e-20, 1.00013e-20, 1.00013e-20, 1.00013e-20, 1.00013e-20, 1.00013e-20, 1.00013e-20, 1.00013e-20, 1.00013e-20, 1.00013e-20, 1.00013e-20, 1.00013e-20, 1.00013e-20, 1.00013e-20, 1.00013e-20, 1.00013e-20, 1.00013e-20, 1.00013e-20, 1.00013e-20, 1.00013e-20, 1.00013e-20, 1.00013e-20, 1.00016e-20, 1.0006e-20, 1.00293e-20]"
16,821900,821901,n,71,"[9.06299e-13, 3.14068e-12, 5.77912e-12, 1.19477e-11, 3.9344e-11, 6.28038e-11, 9.65617e-11, 1.46991e-10, 2.282e-10, 3.64023e-10, 8.21569e-10, 1.43066e-09, 2.791735e-09, 6.446857e-09, 1.451695e-08, 3.19747e-08, 7.018791e-08, 1.484307e-07, 3.082069e-07, 6.273832e-07, 1.198139e-06, 2.331575e-06, 4.50725e-06, 8.523172e-06, 1.261503e-05, 1.726185e-05, 2.877979e-05, 5.107731e-05, 8.869267e-05, 0.0001458211, 0.0002213196, 0.0003205416, 0.0004555046, 0.0007606055, 0.001384112, 0.002349364, 0.003315214, 0.004107956, 0.004998568, 0.005988265, 0.00709549, 0.008319288, 0.009394329, 0.00998072, 0.01024172, 0.01062825, 0.01138644, 0.01271592, 0.01450982, 0.01639172, 0.01849218, 0.02061597, 0.02296566, 0.02523902, 0.02762348, 0.02995625, 0.03214098, 0.0341199, 0.0359951, 0.03758917, 0.03832709, 0.03923668, 0.03952151, 0.03867983, 0.03729981, 0.03515351, 0.03276019, 0.02839334, 0.02387611, 0.0147488, 0.0009048281]"
17,821900,821902,n,68,"[0.006213234, 0.006803568, 0.006999931, 0.007289088, 0.007799496, 0.007991431, 0.008171355, 0.008362099, 0.008560294, 0.008785433, 0.009206329, 0.009517241, 0.009894864, 0.01040415, 0.0109114, 0.01141528, 0.01194177, 0.01249507, 0.01312436, 0.01386071, 0.01471202, 0.01569634, 0.01679383, 0.01796262, 0.01874676, 0.01935359, 0.02035577, 0.02152627, 0.02267897, 0.02382459, 0.02495706, 0.02608881, 0.02724982, 0.02910555, 0.0317153, 0.0344968, 0.03664077, 0.03811859, 0.03963151, 0.04119867, 0.04286976, 0.04468023, 0.04625554, 0.04711028, 0.04748886, 0.04804953, 0.04914929, 0.05105785, 0.05358779, 0.05616259, 0.05889931, 0.06153465, 0.06411007, 0.06651997, 0.06829938, 0.06984523, 0.07083333, 0.07029293, 0.06967415, 0.06838337, 0.06426569, 0.05802728, 0.05124654, 0.04429622, 0.03568807, 0.02549791, 0.01354706, 7.168848e-05]"
18,821900,821903,n,60,"[0.001466807, 0.001602172, 0.001646855, 0.001712663, 0.001829641, 0.001873998, 0.00191569, 0.001959937, 0.002005842, 0.002057817, 0.0021542, 0.00222463, 0.002309126, 0.002421736, 0.002533149, 0.002644912, 0.002765069, 0.002895755, 0.003047591, 0.003225628, 0.003429173, 0.003658976, 0.003908742, 0.004169909, 0.004344464, 0.004481062, 0.004713952, 0.005006438, 0.005332723, 0.005702901, 0.006105944, 0.006550127, 0.007063265, 0.008020605, 0.009613347, 0.01162457, 0.01338917, 0.01473342, 0.01619242, 0.01777178, 0.01949515, 0.02133067, 0.02290327, 0.02370876, 0.02404576, 0.02454484, 0.02552383, 0.02709691, 0.02889182, 0.03043184, 0.03157046, 0.0323111, 0.03208019, 0.03165853, 0.02954286, 0.02703696, 0.02389144, 0.01854809, 0.01329941, 0.006220509]"
19,821900,821904,n,59,"[0.009451483, 0.01018748, 0.0104359, 0.01080499, 0.01147162, 0.01172712, 0.0119679, 0.01222373, 0.0124891, 0.01278934, 0.01334562, 0.01375241, 0.01424217, 0.01490117, 0.01556654, 0.01625355, 0.01701427, 0.01785684, 0.0188383, 0.01997842, 0.02126212, 0.02267616, 0.02416509, 0.0256573, 0.02661171, 0.02732099, 0.02844717, 0.02969672, 0.03084607, 0.03189457, 0.03281626, 0.03359845, 0.03424639, 0.03488847, 0.03495889, 0.03390229, 0.03245318, 0.03122027, 0.02989107, 0.02851209, 0.02712309, 0.02574692, 0.02462052, 0.02404799, 0.02381038, 0.02345851, 0.02276829, 0.02158574, 0.02005336, 0.018429, 0.01657963, 0.01465726, 0.01239386, 0.01019121, 0.007815425, 0.005474074, 0.003394741, 0.001865533, 0.0004648051]"
20,821900,821900,nc,59,"[1.213865, 1.52968, 1.623617, 1.751093, 1.921897, 1.965841, 1.99924, 2.028651, 2.053756, 2.077194, 2.108465, 2.124995, 2.136168, 2.138067, 2.123947, 2.093419, 2.043752, 1.978486, 1.896839, 1.799721, 1.692679, 1.570657, 1.438284, 1.288604, 1.182131, 1.092301, 0.9242738, 0.6961397, 0.444942, 0.2274151, 0.07150626, 0.0108002, 0.01110201, 0.01158857, 0.01213375, 0.01241774, 0.01244387, 0.01237238, 0.01224117, 0.01204338, 0.01174783, 0.0112956, 0.01082821, 0.01051659, 0.01035458, 0.01011465, 0.009643991, 0.008781123, 0.007530766, 0.006267735, 0.004953765, 0.003659749, 0.002313383, 0.001090066, 0.0006819708, 0.0005107582, 0.0003480123, 0.0001931519, 4.812457e-05]"
21,821900,821910,γ,175,"[0.008205127, 0.01246694, 0.01441958, 0.0176739, 0.025093, 0.02872349, 0.03255213, 0.0369524, 0.04211573, 0.04864118, 0.06293386, 0.07538988, 0.09361292, 0.1237349, 0.1622722, 0.2105337, 0.2714359, 0.3427625, 0.42681, 0.5251143, 0.6360613, 0.7653416, 0.9126886, 1.081759, 1.20288, 1.30506, 1.493239, 1.74249, 2.009645, 2.24118, 2.343797, 2.356925, 2.355486, 2.342007, 2.31191, 2.269138, 2.23089, 2.204918, 2.175601, 2.143367, 2.10887, 2.070826, 2.038731, 2.020561, 2.012933, 2.001637, 1.979408, 1.94073, 1.894643, 1.84786, 1.802893, 1.760125, 1.719464, 1.681729, 1.649245, 1.618647, 1.592082, 1.571601, 1.552239, 1.535717, 1.522954, 1.505299, 1.491952, 1.484279, 1.479614, 1.477789, 1.476053, 1.474402, 1.472732, 1.468747, 1.46388, 1.458565, 1.451827, 1.44158, 1.431638, 1.422176, 1.407165, 1.387881, 1.374273, 1.364545, 1.350729, 1.333775, 1.324971, 1.323789, 1.322807, 1.320345, 1.315076, 1.305132, 1.295829, 1.290027, 1.28451, 1.279261, 1.27673, 1.280051, 1.28345, 1.286683, 1.289758, 1.292683, 1.295465, 1.298111, 1.300628, 1.303024, 1.305301, 1.307468, 1.311582, 1.345352, 1.377323, 1.391932, 1.414051, 1.439181, 1.478743, 1.566539, 1.648174, 1.739778, 1.835238, 1.90541, 1.961561, 2.053676, 2.107615, 2.156746, 2.19827, 2.225062, 2.276472, 2.378691, 2.726638, 3.153412, 3.397348, 3.597477, 4.11542, 4.697053, 5.618732, 6.323688, 6.695867, 6.960675, 7.323763, 7.714627, 7.959662, 8.303695, 8.725903, 9.856338, 11.57814, 12.94181, 14.95518, 17.02771, 19.97187, 23.05956, 25.61689, 29.34401, 33.69254, 39.49444, 44.13627, 64.29068, 22.19688, 85.91483, 119.3975, 101.0492, 146.634, 98.18084, 67.70833, 37.35438, 184.8524, 50.88368, 16.32369, 146.0611, 13.16907, 19.02067, 106.845, 2518.109, 343.8971, 89.45881, 54.45421, 43.242, 39.10815, 49.09956, 93.82764]"
22,821900,811900,p,175,"[0.1132305, 0.1264849, 0.1311924, 0.1381526, 0.1481505, 0.1508186, 0.1530403, 0.1550971, 0.1562748, 0.1572907, 0.1582652, 0.1580706, 0.1572188, 0.1548969, 0.1514328, 0.1469524, 0.141687, 0.1355039, 0.1292061, 0.1234926, 0.1171946, 0.1131085, 0.1081666, 0.105023, 0.1035792, 0.1023336, 0.1007532, 0.09979674, 0.09857309, 0.09465865, 0.08591251, 0.07531174, 0.06619099, 0.0548205, 0.0430223, 0.03405164, 0.02865805, 0.02557327, 0.02284208, 0.02040474, 0.01822268, 0.01626076, 0.01476251, 0.01406792, 0.01380924, 0.01342615, 0.01267463, 0.01150466, 0.01026294, 0.009141727, 0.008181012, 0.007304946, 0.006569452, 0.005884254, 0.005330878, 0.004832605, 0.004381133, 0.004019635, 0.00368061, 0.003369003, 0.003117035, 0.002770845, 0.002479768, 0.002318654, 0.002160221, 0.002035108, 0.001918184, 0.001809513, 0.001706179, 0.00161086, 0.001522245, 0.001437941, 0.001359981, 0.001289337, 0.001222196, 0.001158364, 0.001079369, 0.0009877564, 0.0009261342, 0.0008918338, 0.0008439034, 0.0007850843, 0.000754938, 0.0007512653, 0.0007481864, 0.0007404876, 0.0007239969, 0.0006928746, 0.0006637584, 0.0006456027, 0.0006283343, 0.0006119071, 0.0005979126, 0.0005883937, 0.0005794926, 0.0005710286, 0.0005629771, 0.0005553193, 0.0005480351, 0.0005411056, 0.0005345159, 0.0005282418, 0.0005222787, 0.0005166067, 0.0005076123, 0.000506645, 0.0005101181, 0.0005117051, 0.0005141081, 0.000516838, 0.0005225719, 0.0005441771, 0.0005657084, 0.0005898684, 0.0006150462, 0.0006335537, 0.000648827, 0.0006756325, 0.0006914616, 0.0007058797, 0.000718066, 0.000725928, 0.0007410147, 0.0007711147, 0.0008761234, 0.001005247, 0.001079052, 0.001139925, 0.001298567, 0.001476876, 0.001760625, 0.001977795, 0.002092448, 0.002174025, 0.002286071, 0.002406826, 0.002482531, 0.002588819, 0.002719259, 0.003068977, 0.003601847, 0.004023893, 0.004647553, 0.005289677, 0.006201894, 0.007158579, 0.007952214, 0.009108839, 0.01045684, 0.01225484, 0.01369547, 0.01530513, 0.0173463, 0.01973557, 0.02244198, 0.02553642, 0.02903559, 0.03304029, 0.03756853, 0.04278173, 0.0485668, 0.05512553, 0.06255756, 0.0709688, 0.08055464, 0.09137252, 0.1037051, 0.1176324, 0.1235063, 0.08763882, 0.05846867, 0.0389466, 0.02597485, 0.01393058, 0.02901026]"
23,821900,811890,d,65,"[0.01277463, 0.009135047, 0.008064692, 0.006585154, 0.004327556, 0.004310517, 0.004065391, 0.003412585, 0.002829509, 0.002258204, 0.00144948, 0.001015019, 0.0006507805, 0.000333233, 0.0001596356, 7.191444e-05, 2.993156e-05, 1.198964e-05, 4.516884e-06, 1.610172e-06, 5.180845e-07, 1.408992e-07, 4.021151e-08, 1.694598e-08, 8.540684e-09, 5.330605e-09, 2.273782e-09, 8.39642e-10, 3.24785e-10, 1.11973e-10, 3.49625e-11, 9.14462e-12, 2.23025e-12, 3.44373e-13, 1.73861e-14, 6.42964e-16, 3.15812e-17, 4.24019e-18, 3.77178e-19, 4.8138e-20, 1.02197e-20, 9.47943e-21, 8.88981e-21, 8.60361e-21, 8.49076e-21, 8.32365e-21, 7.99581e-21, 7.46761e-21, 6.8613e-21, 6.28429e-21, 5.73528e-21, 5.21312e-21, 4.71668e-21, 4.2445e-21, 3.79519e-21, 3.36757e-21, 2.96111e-21, 2.57434e-21, 2.20644e-21, 1.85652e-21, 1.52346e-21, 1.05638e-21, 6.42434e-22, 3.69115e-22, 9.04695e-23]"
24,821900,811880,t,31,"[0.001159455, 0.0004574182, 0.0003269375, 0.0001804283, 4.49614e-05, 2.46272e-05, 1.378503e-05, 7.308657e-06, 3.917426e-06, 1.764548e-06, 4.318098e-07, 1.344915e-07, 3.880952e-08, 5.04857e-09, 5.27168e-10, 4.3518e-11, 2.53366e-12, 9.44233e-14, 6.34733e-15, 2.37344e-16, 2.6336e-18, 1.90364e-20, 1.63344e-20, 1.37636e-20, 1.21446e-20, 1.09366e-20, 8.99156e-21, 6.77824e-21, 4.67268e-21, 2.66983e-21, 7.70485e-22]"
25,821900,801880,3He,175,"[2.892707e-05, 6.299626e-06, 4.044907e-06, 2.042988e-06, 5.109414e-07, 3.042294e-07, 1.90621e-07, 1.175114e-07, 7.402472e-08, 4.267736e-08, 1.6579e-08, 8.070702e-09, 3.692264e-09, 1.191153e-09, 3.81558e-10, 1.23153e-10, 3.9839e-11, 1.39656e-11, 5.3575e-12, 2.32131e-12, 1.13074e-12, 6.12338e-13, 3.47841e-13, 1.95045e-13, 1.32865e-13, 1.03079e-13, 6.78248e-14, 3.75399e-14, 2.09507e-14, 1.17816e-14, 5.7361e-15, 2.74318e-15, 1.16333e-15, 3.16507e-16, 6.20967e-17, 1.07741e-17, 4.20953e-18, 1.77766e-18, 5.6082e-19, 3.62102e-19, 1.44376e-19, 3.73048e-20, 2.05691e-20, 1.54651e-20, 1.48491e-20, 1.39369e-20, 1.21473e-20, 1.01373e-20, 1.00001e-20, 1.00001e-20, 1.00002e-20, 1.00002e-20, 1.00003e-20, 1.00003e-20, 1.00004e-20, 1.00004e-20, 1.00005e-20, 1.00005e-20, 1.00006e-20, 1.00006e-20, 1.00006e-20, 1.00007e-20, 1.00007e-20, 1.00008e-20, 1.00008e-20, 1.00008e-20, 1.00008e-20, 1.00009e-20, 1.00009e-20, 1.00009e-20, 1.00009e-20, 1.00009e-20, 1.0001e-20, 1.0001e-20, 1.0001e-20, 1.0001e-20, 1.0001e-20, 1.00011e-20, 1.00011e-20, 1.00011e-20, 1.00011e-20, 1.00011e-20, 1.00011e-20, 1.00011e-20, 1.00011e-20, 1.00011e-20, 1.00011e-20, 1.00012e-20, 1.00012e-20, 1.00012e-20, 1.00012e-20, 1.00012e-20, 1.00012e-20, 1.00012e-20, 1.00012e-20, 1.00012e-20, 1.00012e-20, 1.00012e-20, 1.00012e-20, 1.00012e-20, 1.00012e-20, 1.00012e-20, 1.00012e-20, 1.00012e-20, 1.00012e-20, 1.00013e-20, 1.00013e-20, 1.00013e-20, 1.00013e-20, 1.00013e-20, 1.00013e-20, 1.00013e-20, 1.00013e-20, 1.00013e-20, 1.00013e-20, 1.00013e-20, 1.00013e-20, 1.00013e-20, 1.00013e-20, 1.00013e-20, 1.00013e-20, 1.00013e-20, 1.00013e-20, 1.00013e-20, 1.00013e-20, 1.00013e-20, 1.00013e-20, 1.00013e-20, 1.00013e-20, 1.00013e-20, 1.00013e-20, 1.00013e-20, 1.00013e-20, 1.00013e-20, 1.00013e-20, 1.00013e-20, 1.00013e-20, 1.00013e-20, 1.00013e-20, 1.00013e-20, 1.00013e-20, 1.00013e-20, 1.00013e-20, 1.00013e-20, 1.00013e-20, 1.00013e-20, 1.00013e-20, 1.00013e-20, 1.00013e-20, 1.00013e-20, 1.00013e-20, 1.00013e-20, 1.00013e-20, 1.00013e-20, 1.00013e-20, 1.00013e-20, 1.00013e-20, 1.00013e-20, 1.00013e-20, 1.00013e-20, 1.00013e-20, 1.00013e-20, 1.00013e-20, 1.00013e-20, 1.00013e-20, 1.00013e-20, 1.00013e-20, 1.00013e-20, 1.00013e-20, 1.00013e-20, 1.00013e-20, 1.00013e-20, 1.00016e-20, 1.0006e-20, 1.00293e-20]"
26,821900,801870,α,175,"[0.0563264, 0.04636434, 0.04342107, 0.03954518, 0.03353355, 0.03151268, 0.02972807, 0.02796655, 0.02624072, 0.0244474, 0.02152824, 0.0195988, 0.01757245, 0.0150428, 0.01294625, 0.01117155, 0.009607661, 0.008297139, 0.007262016, 0.00639385, 0.005744539, 0.005132219, 0.004712134, 0.004383671, 0.004221141, 0.004116536, 0.003960985, 0.003843334, 0.00372061, 0.003524053, 0.003156253, 0.002728728, 0.002379026, 0.001949888, 0.001523875, 0.001212314, 0.001034214, 0.0009342512, 0.0008461746, 0.0007689896, 0.0007012616, 0.0006396875, 0.0005915535, 0.0005694512, 0.0005613224, 0.0005492842, 0.0005256686, 0.0004888, 0.0004494041, 0.0004132294, 0.0003810348, 0.0003516753, 0.0003271223, 0.0003041938, 0.0002849474, 0.0002673709, 0.000251371, 0.0002383201, 0.0002260605, 0.0002148413, 0.0002059777, 0.0001938464, 0.0001834284, 0.0001768416, 0.0001705707, 0.000165659, 0.000160987, 0.0001565432, 0.00015239, 0.0001485332, 0.0001448651, 0.0001413598, 0.000137955, 0.0001346306, 0.0001313525, 0.000128233, 0.0001238537, 0.0001184888, 0.0001148496, 0.0001125964, 0.0001094337, 0.0001055804, 0.0001036601, 0.0001034009, 0.0001031836, 0.0001026403, 0.0001014765, 9.928001e-05, 9.722513e-05, 9.594379e-05, 9.472507e-05, 9.356573e-05, 9.26645e-05, 9.227606e-05, 9.19259e-05, 9.159294e-05, 9.127619e-05, 9.097495e-05, 9.068839e-05, 9.041579e-05, 9.015656e-05, 8.990974e-05, 8.967515e-05, 8.945202e-05, 8.912466e-05, 9.038665e-05, 9.181929e-05, 9.247388e-05, 9.346509e-05, 9.459114e-05, 9.64574e-05, 0.0001011765, 0.0001056582, 0.0001106871, 0.0001159278, 0.0001197802, 0.0001229007, 0.0001281627, 0.0001312547, 0.0001340711, 0.0001364515, 0.0001379873, 0.0001409342, 0.0001468057, 0.0001670838, 0.0001919931, 0.0002062308, 0.0002179591, 0.0002484742, 0.0002827676, 0.0003373171, 0.0003790642, 0.0004011043, 0.000416786, 0.0004383215, 0.0004615279, 0.0004760769, 0.0004965032, 0.0005215712, 0.0005887622, 0.0006911343, 0.0007722154, 0.0008920156, 0.001015359, 0.001190573, 0.001374324, 0.001526757, 0.001748894, 0.002007778, 0.002353074, 0.002629738, 0.002938846, 0.003330808, 0.003789619, 0.004309332, 0.004903564, 0.005575521, 0.006344564, 0.007214147, 0.008215276, 0.009326217, 0.01058569, 0.01201287, 0.01362808, 0.01546885, 0.01754621, 0.01991445, 0.02258893, 0.02371691, 0.01682926, 0.01122773, 0.007478907, 0.004987947, 0.00267509, 0.005570841]"
27,821900,781830,2α,175,"[1.487236e-05, 9.355747e-06, 8.039954e-06, 6.344072e-06, 4.067792e-06, 3.449462e-06, 2.959404e-06, 2.521572e-06, 2.153133e-06, 1.803676e-06, 1.32181e-06, 1.053967e-06, 8.146734e-07, 5.747913e-07, 4.05634e-07, 2.879693e-07, 2.029657e-07, 1.437223e-07, 1.024716e-07, 7.465357e-08, 5.418822e-08, 3.858335e-08, 2.906092e-08, 2.118109e-08, 1.78135e-08, 1.561653e-08, 1.216935e-08, 9.474307e-09, 7.284127e-09, 5.403086e-09, 3.939195e-09, 2.707639e-09, 1.862175e-09, 1.121381e-09, 5.65718e-10, 3.00576e-10, 1.87847e-10, 1.39898e-10, 1.04987e-10, 7.96582e-11, 6.12899e-11, 4.72604e-11, 3.78691e-11, 3.40097e-11, 3.28117e-11, 3.10374e-11, 2.75569e-11, 2.24951e-11, 1.80401e-11, 1.42922e-11, 1.15268e-11, 9.16541e-12, 7.61327e-12, 6.20932e-12, 5.22916e-12, 4.39861e-12, 3.67226e-12, 3.17518e-12, 2.7161e-12, 2.31135e-12, 2.05721e-12, 1.72188e-12, 1.43952e-12, 1.28237e-12, 1.13704e-12, 1.03997e-12, 9.49821e-13, 8.74175e-13, 8.03966e-13, 7.39478e-13, 6.82562e-13, 6.28531e-13, 5.80137e-13, 5.41767e-13, 5.05664e-13, 4.71347e-13, 4.3119e-13, 3.85931e-13, 3.55138e-13, 3.37665e-13, 3.13363e-13, 2.83539e-13, 2.68121e-13, 2.66411e-13, 2.65085e-13, 2.61768e-13, 2.54663e-13, 2.41254e-13, 2.2871e-13, 2.20888e-13, 2.13448e-13, 2.06371e-13, 2.00601e-13, 1.97351e-13, 1.94351e-13, 1.91498e-13, 1.88785e-13, 1.86204e-13, 1.83749e-13, 1.81413e-13, 1.79193e-13, 1.77078e-13, 1.75068e-13, 1.73157e-13, 1.7012e-13, 1.69553e-13, 1.70483e-13, 1.70908e-13, 1.71551e-13, 1.72282e-13, 1.73945e-13, 1.80808e-13, 1.87704e-13, 1.95442e-13, 2.03505e-13, 2.09433e-13, 2.14341e-13, 2.23014e-13, 2.2814e-13, 2.32809e-13, 2.36755e-13, 2.39301e-13, 2.44187e-13, 2.53938e-13, 2.88078e-13, 3.30071e-13, 3.54074e-13, 3.73891e-13, 4.25603e-13, 4.83737e-13, 5.76337e-13, 6.47221e-13, 6.84643e-13, 7.11269e-13, 7.47851e-13, 7.87283e-13, 8.12004e-13, 8.46712e-13, 8.89307e-13, 1.00352e-12, 1.17755e-12, 1.31538e-12, 1.51909e-12, 1.72884e-12, 2.02684e-12, 2.33936e-12, 2.59833e-12, 2.97571e-12, 3.41636e-12, 4.004e-12, 4.47427e-12, 5.00136e-12, 5.66835e-12, 6.44773e-12, 7.33189e-12, 8.34315e-12, 9.48719e-12, 1.07954e-11, 1.22737e-11, 1.39764e-11, 1.5868e-11, 1.80131e-11, 2.04378e-11, 2.31865e-11, 2.63197e-11, 2.98572e-11, 3.38906e-11, 3.84297e-11, 4.03526e-11, 2.86354e-11, 1.91046e-11, 1.27255e-11, 8.48713e-12, 4.55174e-12, 9.47896e-12]"
28,821900,761790,3α,175,"[9.0687e-12, 2.4329e-12, 1.678e-12, 9.73532e-13, 3.2805e-13, 2.26008e-13, 1.6193e-13, 1.12182e-13, 7.85293e-14, 5.20732e-14, 2.64045e-14, 1.60113e-14, 9.15988e-15, 4.21194e-15, 1.94896e-15, 6.28056e-16, 1.26763e-17, 6.25243e-18, 3.13167e-18, 1.62766e-18, 8.43664e-19, 4.3754e-19, 2.3711e-19, 1.24852e-19, 8.42569e-20, 6.33339e-20, 3.92642e-20, 2.43365e-20, 1.46317e-20, 1.02308e-20, 1.00001e-20, 1.00001e-20, 1.00002e-20, 1.00003e-20, 1.00004e-20, 1.00005e-20, 1.00005e-20, 1.00006e-20, 1.00006e-20, 1.00006e-20, 1.00007e-20, 1.00007e-20, 1.00007e-20, 1.00007e-20, 1.00007e-20, 1.00007e-20, 1.00008e-20, 1.00008e-20, 1.00008e-20, 1.00008e-20, 1.00009e-20, 1.00009e-20, 1.00009e-20, 1.00009e-20, 1.00009e-20, 1.0001e-20, 1.0001e-20, 1.0001e-20, 1.0001e-20, 1.0001e-20, 1.0001e-20, 1.00011e-20, 1.00011e-20, 1.00011e-20, 1.00011e-20, 1.00011e-20, 1.00011e-20, 1.00011e-20, 1.00011e-20, 1.00011e-20, 1.00011e-20, 1.00012e-20, 1.00012e-20, 1.00012e-20, 1.00012e-20, 1.00012e-20, 1.00012e-20, 1.00012e-20, 1.00012e-20, 1.00012e-20, 1.00012e-20, 1.00012e-20, 1.00012e-20, 1.00012e-20, 1.00012e-20, 1.00012e-20, 1.00012e-20, 1.00012e-20, 1.00012e-20, 1.00012e-20, 1.00013e-20, 1.00013e-20, 1.00013e-20, 1.00013e-20, 1.00013e-20, 1.00013e-20, 1.00013e-20, 1.00013e-20, 1.00013e-20, 1.00013e-20, 1.00013e-20, 1.00013e-20, 1.00013e-20, 1.00013e-20, 1.00013e-20, 1.00013e-20, 1.00013e-20, 1.00013e-20, 1.00013e-20, 1.00013e-20, 1.00013e-20, 1.00013e-20, 1.00013e-20, 1.00013e-20, 1.00013e-20, 1.00013e-20, 1.00013e-20, 1.00013e-20, 1.00013e-20, 1.00013e-20, 1.00013e-20, 1.00013e-20, 1.00013e-20, 1.00013e-20, 1.00013e-20, 1.00013e-20, 1.00013e-20, 1.00013e-20, 1.00013e-20, 1.00013e-20, 1.00013e-20, 1.00013e-20, 1.00013e-20, 1.00013e-20, 1.00013e-20, 1.00013e-20, 1.00013e-20, 1.00013e-20, 1.00013e-20, 1.00013e-20, 1.00013e-20, 1.00013e-20, 1.00013e-20, 1.00013e-20, 1.00013e-20, 1.00013e-20, 1.00013e-20, 1.00013e-20, 1.00013e-20, 1.00013e-20, 1.00013e-20, 1.00013e-20, 1.00013e-20, 1.00013e-20, 1.00013e-20, 1.00013e-20, 1.00013e-20, 1.00013e-20, 1.00013e-20, 1.00013e-20, 1.00013e-20, 1.00013e-20, 1.00013e-20, 1.00013e-20, 1.00013e-20, 1.00013e-20, 1.00013e-20, 1.00013e-20, 1.00013e-20, 1.00013e-20, 1.00013e-20, 1.00013e-20, 1.00016e-20, 1.0006e-20, 1.00293e-20]"
29,821900,801890,2p,175,"[0.002191214, 0.001906099, 0.001800267, 0.001636782, 0.001330494, 0.001211708, 0.001107348, 0.001006472, 0.0008997704, 0.0007910346, 0.0006257592, 0.000517797, 0.0004094292, 0.0002919373, 0.0002011821, 0.0001349172, 8.678758e-05, 5.467932e-05, 3.305525e-05, 1.941939e-05, 1.101985e-05, 6.219072e-06, 3.272638e-06, 1.689005e-06, 1.117155e-06, 8.175398e-07, 4.629844e-07, 2.171589e-07, 1.075706e-07, 5.08742e-08, 2.123656e-08, 8.631734e-09, 3.484767e-09, 9.59371e-10, 1.49613e-10, 2.30141e-11, 5.34143e-12, 2.11326e-12, 8.06334e-13, 3.21439e-13, 1.34221e-13, 5.1195e-14, 2.3228e-14, 1.4401e-14, 1.31166e-14, 1.12145e-14, 7.48316e-15, 2.9223e-15, 1.29083e-15, 3.35489e-16, 1.68769e-16, 5.80325e-17, 3.10462e-17, 1.11978e-17, 4.97661e-18, 2.69438e-18, 9.43749e-19, 5.6608e-19, 2.98021e-19, 8.39405e-20, 4.82901e-20, 2.53022e-20, 1.00231e-20, 1.00001e-20, 1.00001e-20, 1.00002e-20, 1.00003e-20, 1.00003e-20, 1.00004e-20, 1.00004e-20, 1.00004e-20, 1.00005e-20, 1.00005e-20, 1.00006e-20, 1.00006e-20, 1.00006e-20, 1.00007e-20, 1.00007e-20, 1.00008e-20, 1.00008e-20, 1.00008e-20, 1.00009e-20, 1.00009e-20, 1.00009e-20, 1.00009e-20, 1.00009e-20, 1.00009e-20, 1.0001e-20, 1.0001e-20, 1.0001e-20, 1.0001e-20, 1.0001e-20, 1.0001e-20, 1.00011e-20, 1.00011e-20, 1.00011e-20, 1.00011e-20, 1.00011e-20, 1.00011e-20, 1.00011e-20, 1.00011e-20, 1.00011e-20, 1.00011e-20, 1.00012e-20, 1.00012e-20, 1.00012e-20, 1.00012e-20, 1.00012e-20, 1.00012e-20, 1.00012e-20, 1.00012e-20, 1.00012e-20, 1.00012e-20, 1.00012e-20, 1.00013e-20, 1.00013e-20, 1.00013e-20, 1.00013e-20, 1.00013e-20, 1.00013e-20, 1.00013e-20, 1.00013e-20, 1.00013e-20, 1.00013e-20, 1.00013e-20, 1.00013e-20, 1.00013e-20, 1.00013e-20, 1.00013e-20, 1.00013e-20, 1.00013e-20, 1.00013e-20, 1.00013e-20, 1.00013e-20, 1.00013e-20, 1.00013e-20, 1.00013e-20, 1.00013e-20, 1.00013e-20, 1.00013e-20, 1.00013e-20, 1.00013e-20, 1.00013e-20, 1.00013e-20, 1.00013e-20, 1.00013e-20, 1.00013e-20, 1.00013e-20, 1.00013e-20, 1.00013e-20, 1.00013e-20, 1.00013e-20, 1.00013e-20, 1.00013e-20, 1.00013e-20, 1.00013e-20, 1.00013e-20, 1.00013e-20, 1.00013e-20, 1.00013e-20, 1.00013e-20, 1.00013e-20, 1.00013e-20, 1.00013e-20, 1.00013e-20, 1.00013e-20, 1.00013e-20, 1.00013e-20, 1.00013e-20, 1.00013e-20, 1.00013e-20, 1.00013e-20, 1.00016e-20, 1.0006e-20, 1.00293e-20]"
30,821900,791860,pα,175,"[0.0002394565, 0.0001352319, 0.0001121881, 8.32648e-05, 4.728405e-05, 3.819159e-05, 3.131542e-05, 2.545268e-05, 2.061458e-05, 1.6231e-05, 1.072655e-05, 7.842688e-06, 5.470307e-06, 3.345492e-06, 2.017673e-06, 1.21188e-06, 7.201318e-07, 4.305696e-07, 2.551137e-07, 1.516343e-07, 9.010514e-08, 5.434052e-08, 3.250053e-08, 1.95335e-08, 1.458932e-08, 1.158192e-08, 7.604504e-09, 4.774211e-09, 3.050925e-09, 1.815801e-09, 1.076014e-09, 6.13689e-10, 3.3339e-10, 1.50917e-10, 4.941e-11, 1.7272e-11, 7.99959e-12, 4.76253e-12, 2.83123e-12, 1.78015e-12, 1.1587e-12, 7.4756e-13, 5.05751e-13, 4.15013e-13, 3.9156e-13, 3.56827e-13, 2.88691e-13, 1.96715e-13, 1.35347e-13, 8.90246e-14, 6.33282e-14, 4.2511e-14, 3.14895e-14, 2.18384e-14, 1.61824e-14, 1.18134e-14, 8.20228e-15, 6.43249e-15, 4.86706e-15, 3.52635e-15, 2.85984e-15, 2.02307e-15, 1.24997e-15, 6.77256e-16, 2.59815e-16, 2.11008e-16, 1.7221e-16, 1.45867e-16, 1.22638e-16, 1.03122e-16, 8.95377e-17, 7.67442e-17, 6.56564e-17, 5.78708e-17, 5.06062e-17, 4.37034e-17, 3.62505e-17, 2.8226e-17, 2.30057e-17, 2.10271e-17, 1.84144e-17, 1.52082e-17, 1.35553e-17, 1.33971e-17, 1.32826e-17, 1.29961e-17, 1.23826e-17, 1.12247e-17, 1.01414e-17, 9.46589e-18, 8.82341e-18, 8.21222e-18, 7.7081e-18, 7.40819e-18, 7.13024e-18, 6.86595e-18, 6.61454e-18, 6.37541e-18, 6.14796e-18, 5.93158e-18, 5.72581e-18, 5.5299e-18, 5.3437e-18, 5.16658e-18, 4.88157e-18, 4.6471e-18, 4.55193e-18, 4.50845e-18, 4.4426e-18, 4.3678e-18, 4.28699e-18, 4.33626e-18, 4.4192e-18, 4.51227e-18, 4.60926e-18, 4.68056e-18, 4.74752e-18, 4.89482e-18, 4.98392e-18, 5.06508e-18, 5.13368e-18, 5.17794e-18, 5.26286e-18, 5.43396e-18, 6.07252e-18, 6.86293e-18, 7.31472e-18, 7.69229e-18, 8.69315e-18, 9.82046e-18, 1.16323e-17, 1.3021e-17, 1.37542e-17, 1.42759e-17, 1.49948e-17, 1.57713e-17, 1.62582e-17, 1.69417e-17, 1.77805e-17, 2.00348e-17, 2.34722e-17, 2.61948e-17, 3.02243e-17, 3.4375e-17, 4.02762e-17, 4.64667e-17, 5.15966e-17, 5.90752e-17, 6.78095e-17, 7.94593e-17, 8.87824e-17, 9.92353e-17, 1.12465e-16, 1.27924e-16, 1.45461e-16, 1.65518e-16, 1.88207e-16, 2.14153e-16, 2.43469e-16, 2.77237e-16, 3.28031e-16, 4.26559e-16, 5.56047e-16, 7.24687e-16, 9.45044e-16, 1.23077e-15, 1.60592e-15, 2.09113e-15, 2.46166e-15, 1.77069e-15, 1.18135e-15, 7.869e-16, 5.2481e-16, 2.8146e-16, 5.86136e-16]"
31,821900,801880,pd,42,"[6.241199e-07, 1.228922e-07, 7.474693e-08, 3.414714e-08, 6.174209e-09, 3.111589e-09, 1.67378e-09, 8.74011e-10, 4.66749e-10, 2.11645e-10, 5.34976e-11, 1.79854e-11, 5.58709e-12, 8.63152e-13, 1.1951e-13, 1.40847e-14, 1.3097e-15, 1.03412e-16, 6.64881e-18, 4.94967e-19, 2.6293e-19, 2.43996e-19, 2.25983e-19, 2.08845e-19, 1.98052e-19, 1.89999e-19, 1.77032e-19, 1.62277e-19, 1.48241e-19, 1.34889e-19, 1.22187e-19, 1.10103e-19, 9.86062e-20, 8.22703e-20, 6.25172e-20, 4.46354e-20, 3.23753e-20, 2.46648e-20, 1.73289e-20, 1.03528e-20, 3.71723e-21, 2.12151e-23]"
32,821900,801870,pt,26,"[2.602315e-09, 3.94062e-11, 9.01996e-12, 2.19207e-12, 3.19753e-14, 2.75748e-15, 4.58598e-16, 1.00559e-16, 1.86912e-17, 1.5006e-18, 5.1605e-20, 4.8308e-20, 4.45666e-20, 3.97841e-20, 3.52361e-20, 3.09062e-20, 2.66904e-20, 2.27842e-20, 1.9068e-20, 1.55323e-20, 1.21686e-20, 8.96884e-21, 5.92473e-21, 3.02857e-21, 1.20457e-21, 1.52005e-22]"
33,821900,791850,dα,175,"[2.377982e-08, 4.364797e-09, 2.656026e-09, 1.240517e-09, 2.5064e-10, 1.35805e-10, 7.82261e-11, 4.40822e-11, 2.55212e-11, 1.31027e-11, 4.15827e-12, 1.73119e-12, 6.71921e-13, 1.64352e-13, 3.8902e-14, 9.01648e-15, 1.96148e-15, 4.22648e-16, 8.11318e-17, 5.54492e-18, 6.35819e-19, 9.79458e-20, 1.82691e-20, 1.00305e-20, 1.00001e-20, 1.00001e-20, 1.00001e-20, 1.00002e-20, 1.00003e-20, 1.00003e-20, 1.00003e-20, 1.00004e-20, 1.00004e-20, 1.00005e-20, 1.00006e-20, 1.00006e-20, 1.00007e-20, 1.00007e-20, 1.00008e-20, 1.00008e-20, 1.00008e-20, 1.00008e-20, 1.00008e-20, 1.00009e-20, 1.00009e-20, 1.00009e-20, 1.00009e-20, 1.00009e-20, 1.00009e-20, 1.00009e-20, 1.0001e-20, 1.0001e-20, 1.0001e-20, 1.0001e-20, 1.0001e-20, 1.0001e-20, 1.0001e-20, 1.00011e-20, 1.00011e-20, 1.00011e-20, 1.00011e-20, 1.00011e-20, 1.00011e-20, 1.00011e-20, 1.00011e-20, 1.00011e-20, 1.00012e-20, 1.00012e-20, 1.00012e-20, 1.00012e-20, 1.00012e-20, 1.00012e-20, 1.00012e-20, 1.00012e-20, 1.00012e-20, 1.00012e-20, 1.00012e-20, 1.00012e-20, 1.00012e-20, 1.00012e-20, 1.00012e-20, 1.00012e-20, 1.00012e-20, 1.00012e-20, 1.00012e-20, 1.00013e-20, 1.00013e-20, 1.00013e-20, 1.00013e-20, 1.00013e-20, 1.00013e-20, 1.00013e-20, 1.00013e-20, 1.00013e-20, 1.00013e-20, 1.00013e-20, 1.00013e-20, 1.00013e-20, 1.00013e-20, 1.00013e-20, 1.00013e-20, 1.00013e-20, 1.00013e-20, 1.00013e-20, 1.00013e-20, 1.00013e-20, 1.00013e-20, 1.00013e-20, 1.00013e-20, 1.00013e-20, 1.00013e-20, 1.00013e-20, 1.00013e-20, 1.00013e-20, 1.00013e-20, 1.00013e-20, 1.00013e-20, 1.00013e-20, 1.00013e-20, 1.00013e-20, 1.00013e-20, 1.00013e-20, 1.00013e-20, 1.00013e-20, 1.00013e-20, 1.00013e-20, 1.00013e-20, 1.00013e-20, 1.00013e-20, 1.00013e-20, 1.00013e-20, 1.00013e-20, 1.00013e-20, 1.00013e-20, 1.00013e-20, 1.00013e-20, 1.00013e-20, 1.00013e-20, 1.00013e-20, 1.00013e-20, 1.00013e-20, 1.00013e-20, 1.00013e-20, 1.00013e-20, 1.00013e-20, 1.00013e-20, 1.00013e-20, 1.00013e-20, 1.00013e-20, 1.00013e-20, 1.00013e-20, 1.00013e-20, 1.00013e-20, 1.00013e-20, 1.00013e-20, 1.00013e-20, 1.00013e-20, 1.00013e-20, 1.00013e-20, 1.00013e-20, 1.00013e-20, 1.00013e-20, 1.00013e-20, 1.00013e-20, 1.00013e-20, 1.00013e-20, 1.00013e-20, 1.00013e-20, 1.00013e-20, 1.00013e-20, 1.00013e-20, 1.00013e-20, 1.00016e-20, 1.0006e-20, 1.00293e-20]"
34,260560,260560,n,66,"[0.344689, 0.4061666, 0.4360438, 0.4869724, 0.6074393, 0.6638293, 0.7233355, 0.7924288, 0.8680924, 0.9514512, 1.093738, 1.190544, 1.283128, 1.348084, 1.391203, 1.415421, 1.435903, 1.449817, 1.462867, 1.47611, 1.489202, 1.493042, 1.499604, 1.502794, 1.500223, 1.499152, 1.502073, 1.500157, 1.486594, 1.484068, 1.486953, 1.480762, 1.442465, 1.398125, 1.362345, 1.287387, 1.25451, 1.214427, 1.160705, 1.115574, 1.023876, 1.034776, 1.031994, 1.018446, 1.013685, 1.007024, 0.9939578, 0.9727435, 0.965294, 0.7926495, 0.753647, 0.5891938, 0.6485396, 0.6784876, 0.8765991, 0.6230226, 0.6590935, 0.4256469, 0.4129697, 0.4690955, 0.4868818, 0.3810325, 0.4010666, 0.2013596, 0.218224, 0.0003953926]"
35,260560,260550,2n,14,"[0.6522489, 0.653905, 0.6448039, 0.6244965, 0.5581573, 0.5220247, 0.4813138, 0.4318246, 0.375644, 0.3133155, 0.2056885, 0.1311479, 0.0567329, 0.004330968]"
36,260560,240520,nα,22,"[0.02317679, 0.01281603, 0.01010706, 0.006578682, 0.002259136, 0.001400526, 0.000865186, 0.0004969128, 0.0003308043, 0.0001993832, 5.058494e-05, 2.97202e-05, 1.125597e-05, 3.771089e-06, 2.458534e-07, 4.916784e-09, 4.81832e-11, 3.67085e-11, 2.57917e-11, 1.54053e-11, 5.52426e-12, 4.04944e-14]"
37,260560,250550,np,16,"[0.2130769, 0.1668977, 0.1515794, 0.1291958, 0.08988061, 0.07670495, 0.06503772, 0.05336714, 0.04306864, 0.03227433, 0.01660368, 0.008873159, 0.002279857, 0.0005897684, 4.381601e-06, 2.292772e-09]"
38,260560,220480,n2α,2,"[7.99162e-19, 3.05586e-21]"
39,260560,250540,nd,1,[5.818768e-09]
40,260560,240540,n2p,1,[1.04226e-12]
41,260560,230510,npα,1,[1.42087e-18]
42,260560,260561,n,66,"[0.04308692, 0.04660534, 0.0479017, 0.04988587, 0.05360578, 0.05503404, 0.05636324, 0.05775836, 0.05920408, 0.06078001, 0.06361338, 0.06569372, 0.06816552, 0.07166884, 0.07525643, 0.07922228, 0.08301813, 0.08623463, 0.0897623, 0.09409802, 0.0991738, 0.1049247, 0.1118544, 0.1196041, 0.1251302, 0.1297076, 0.1393318, 0.1510907, 0.1646327, 0.1824225, 0.2024298, 0.2264298, 0.2529906, 0.3047575, 0.4009072, 0.5465445, 0.6668093, 0.7580856, 0.8336463, 0.8801436, 0.9230031, 0.9615557, 0.9792582, 0.9756343, 0.9741145, 0.9718305, 0.9673497, 0.9601187, 0.965294, 0.7926495, 0.753647, 0.5891938, 0.6485396, 0.6784876, 0.8765991, 0.6230226, 0.6590935, 0.4256469, 0.4129697, 0.4690955, 0.4868818, 0.3810325, 0.4010666, 0.2013596, 0.218224, 0.0003953926]"
43,260560,260562,n,48,"[0.0002350773, 0.0002868573, 0.0003125273, 0.0003570517, 0.0004698582, 0.0005299938, 0.000597386, 0.0006830612, 0.0008081202, 0.0009532808, 0.001316346, 0.00168604, 0.002267489, 0.003511514, 0.005244241, 0.008381327, 0.01115508, 0.01267322, 0.01439591, 0.01662841, 0.01934022, 0.02245882, 0.02624595, 0.03045036, 0.033413, 0.03585932, 0.04097036, 0.04704539, 0.05376035, 0.06217894, 0.07160049, 0.08258215, 0.09425971, 0.1134369, 0.1399512, 0.1644646, 0.1696944, 0.1698181, 0.1550641, 0.1256444, 0.09891453, 0.07322065, 0.05273597, 0.04281136, 0.03956998, 0.03519341, 0.02660781, 0.0126247]"
44,260560,260563,n,41,"[0.001526753, 0.00175561, 0.001847379, 0.001993025, 0.002292769, 0.002421992, 0.002551221, 0.002698017, 0.002875661, 0.003075477, 0.003497725, 0.003871392, 0.004388216, 0.005335849, 0.006504299, 0.008265413, 0.01004214, 0.01142792, 0.01307655, 0.0153559, 0.01825027, 0.02171396, 0.02618168, 0.0313777, 0.03518223, 0.03840474, 0.04549779, 0.05409603, 0.06407554, 0.07689908, 0.09151503, 0.1078025, 0.124447, 0.1502463, 0.1835803, 0.2079654, 0.1956541, 0.1839759, 0.1716712, 0.1099072, 0.002029159]"
45,260560,260564,n,39,"[1.842914e-06, 4.474484e-06, 6.528292e-06, 1.062979e-05, 2.413121e-05, 3.29706e-05, 4.390093e-05, 5.917188e-05, 8.503938e-05, 0.0001157216, 0.0002066863, 0.0003096422, 0.0005091402, 0.001019796, 0.001968238, 0.005070441, 0.007491012, 0.007580345, 0.00805574, 0.00909866, 0.01034267, 0.01204345, 0.01408902, 0.01643045, 0.01816274, 0.01948211, 0.02172481, 0.02448314, 0.02765935, 0.03151461, 0.03615063, 0.04022417, 0.04329062, 0.0479245, 0.05195994, 0.05141802, 0.0399953, 0.02382123, 0.0003237194]"
46,260560,260565,n,38,"[0.0001553711, 0.0001680413, 0.0001746611, 0.0001863003, 0.0002163007, 0.0002322518, 0.0002499281, 0.0002719884, 0.0003027833, 0.0003382664, 0.0004207788, 0.00050027, 0.0006145495, 0.0008350848, 0.00110979, 0.0015214, 0.002175784, 0.002943783, 0.003875151, 0.005193321, 0.006899754, 0.009008533, 0.01176292, 0.01511999, 0.01770819, 0.01988438, 0.02459365, 0.03055943, 0.03814547, 0.04786821, 0.05889799, 0.07227756, 0.08612762, 0.1058723, 0.1252426, 0.1358663, 0.1213344, 0.07872587]"
47,260560,260566,n,37,"[4.017238e-06, 8.641965e-06, 1.170334e-05, 1.743114e-05, 3.37523e-05, 4.299453e-05, 5.347395e-05, 6.678735e-05, 8.579692e-05, 0.0001077767, 0.000159628, 0.0002101583, 0.0002834744, 0.0004265987, 0.000606416, 0.000879259, 0.001319153, 0.001838201, 0.002471885, 0.003376509, 0.004555877, 0.006026695, 0.007964335, 0.01034622, 0.0121957, 0.01375618, 0.01715654, 0.02147841, 0.02700403, 0.03407639, 0.04206646, 0.05161502, 0.06124981, 0.07338927, 0.08103361, 0.080432, 0.04921196]"
48,260560,260567,n,37,"[0.0001637705, 0.0001771593, 0.0001845825, 0.0001978311, 0.0002327399, 0.0002515043, 0.0002723347, 0.0002983176, 0.0003344153, 0.0003759733, 0.0004715133, 0.0005626966, 0.0006917988, 0.0009360905, 0.001234431, 0.001666668, 0.002320169, 0.003070938, 0.00395267, 0.005146268, 0.006634234, 0.008392974, 0.01059294, 0.01316397, 0.01507658, 0.01665062, 0.01990799, 0.0239197, 0.02863728, 0.03428482, 0.04033233, 0.04667991, 0.05225427, 0.05706806, 0.05355318, 0.03424293, 0.01181059]"
49,260560,260568,n,36,"[0.002742148, 0.002844628, 0.002881643, 0.002938011, 0.003044504, 0.003087268, 0.003128857, 0.003175084, 0.003229583, 0.00329059, 0.003416962, 0.003526607, 0.003674126, 0.003934127, 0.004241155, 0.004669113, 0.00530843, 0.00604181, 0.006914434, 0.00812877, 0.009693823, 0.01160269, 0.01411555, 0.01717471, 0.01952363, 0.02149195, 0.02572201, 0.0310098, 0.03743122, 0.04523329, 0.053612, 0.06236691, 0.06995727, 0.07580289, 0.07471305, 0.03860314]"
50,260560,260569,n,36,"[0.0005134894, 0.0005218654, 0.0005263075, 0.000534102, 0.0005541233, 0.0005648252, 0.0005767394, 0.00059166, 0.0006125229, 0.0006365635, 0.0006915919, 0.0007439218, 0.0008166109, 0.0009506805, 0.001109044, 0.001324307, 0.001615581, 0.001932944, 0.002276225, 0.002687032, 0.003146876, 0.003617482, 0.004138693, 0.004678938, 0.005037213, 0.005317036, 0.005830017, 0.006406815, 0.00691763, 0.007393335, 0.00778152, 0.007833215, 0.007482847, 0.005778563, 0.002683019, 0.0003272879]"
51,260560,260570,n,36,"[7.477278e-06, 1.593511e-05, 2.147503e-05, 3.180519e-05, 6.104549e-05, 7.750898e-05, 9.611789e-05, 0.0001196778, 0.0001530932, 0.0001916875, 0.00028181, 0.0003689254, 0.0004936091, 0.0007328641, 0.001028121, 0.001462911, 0.002135297, 0.002915319, 0.003846315, 0.005136907, 0.006781913, 0.008780379, 0.01134319, 0.01440182, 0.01671668, 0.01863022, 0.02262632, 0.02755556, 0.03329734, 0.03994339, 0.04678479, 0.05315744, 0.05788085, 0.05882355, 0.05088887, 0.013264]"
52,260560,260571,n,36,"[3.965889e-06, 8.519482e-06, 1.15248e-05, 1.714135e-05, 3.310679e-05, 4.213003e-05, 5.235293e-05, 6.533224e-05, 8.385086e-05, 0.0001052605, 0.0001557329, 0.0002048933, 0.0002761105, 0.0004148683, 0.0005887048, 0.0008511059, 0.00127096, 0.001764869, 0.002366045, 0.003221747, 0.00433655, 0.005726419, 0.007556778, 0.009800694, 0.01153804, 0.01299527, 0.01613225, 0.02007479, 0.02491276, 0.03078075, 0.03707196, 0.04364869, 0.04935924, 0.05337495, 0.0501568, 0.01409387]"
53,260560,260572,n,36,"[0.00026133, 0.0002766464, 0.0002839878, 0.0002965642, 0.0003275721, 0.0003435859, 0.0003611423, 0.0003828699, 0.0004128763, 0.0004473925, 0.0005270486, 0.0006033132, 0.0007122383, 0.0009206938, 0.001178314, 0.00155936, 0.002155309, 0.002850234, 0.00368784, 0.004866413, 0.006390208, 0.008271155, 0.01072527, 0.01369592, 0.01596939, 0.01785703, 0.02183537, 0.02675387, 0.03247723, 0.03901467, 0.04563456, 0.05151716, 0.05564383, 0.05560815, 0.04287663, 0.0001186608]"
54,260560,260573,n,36,"[0.0002612381, 0.0002765388, 0.0002838727, 0.0002964365, 0.000327419, 0.0003434215, 0.0003609659, 0.0003826791, 0.0004126679, 0.0004471641, 0.0005267744, 0.0006029953, 0.0007118555, 0.0009201809, 0.001177622, 0.001558368, 0.002153786, 0.00284806, 0.003684861, 0.004862274, 0.006384573, 0.008263674, 0.01071531, 0.01368265, 0.01595334, 0.01783828, 0.02180916, 0.02671668, 0.03241987, 0.03892218, 0.04549467, 0.05130388, 0.05534687, 0.05518619, 0.04196511, 4.337225e-05]"
55,260560,260574,n,36,"[0.00187566, 0.001889239, 0.001894459, 0.001902434, 0.001917707, 0.001924324, 0.001931219, 0.001939493, 0.001950621, 0.001963365, 0.001991939, 0.002018639, 0.002055162, 0.002121095, 0.002198544, 0.002304695, 0.002459306, 0.00263485, 0.002842811, 0.003133972, 0.003515239, 0.003981995, 0.004618599, 0.005411944, 0.006030624, 0.006554599, 0.007705048, 0.009146842, 0.01089348, 0.01298514, 0.01518392, 0.01735102, 0.01911331, 0.01986905, 0.01465655, 2.798228e-06]"
56,260560,260575,n,35,"[0.0002588999, 0.0002737859, 0.0002809336, 0.0002931925, 0.0003235181, 0.0003392258, 0.0003564693, 0.0003778323, 0.000407373, 0.00044136, 0.000519806, 0.0005949209, 0.0007021138, 0.0009070323, 0.001159919, 0.001533062, 0.002114999, 0.00279285, 0.003609327, 0.004757631, 0.006242584, 0.008075663, 0.01046489, 0.01334651, 0.01554353, 0.01735708, 0.02113148, 0.02574659, 0.03090362, 0.03647086, 0.04179924, 0.04575295, 0.04776795, 0.04486184, 0.01520829]"
57,260560,260576,n,35,"[0.000105481, 0.0001128655, 0.000117375, 0.0001255983, 0.0001478908, 0.0001599925, 0.0001734131, 0.0001900769, 0.0002129022, 0.0002391167, 0.0002978904, 0.000352805, 0.0004280673, 0.0005643133, 0.0007232549, 0.0009350549, 0.00121493, 0.001516504, 0.001838841, 0.002217505, 0.002636344, 0.003062376, 0.003529019, 0.004006189, 0.004317964, 0.004556481, 0.004970007, 0.005410654, 0.005703247, 0.005832709, 0.005781284, 0.005236419, 0.004318769, 0.002238351, 0.000265996]"
58,260560,260577,n,35,"[0.0003680812, 0.0003716652, 0.0003753284, 0.0003827679, 0.000406602, 0.000421015, 0.0004377326, 0.0004593229, 0.000490711, 0.0005270979, 0.0006131032, 0.000697046, 0.0008174535, 0.001049151, 0.001334692, 0.001753631, 0.00239752, 0.003142586, 0.004030476, 0.00526181, 0.006839249, 0.008774399, 0.01131497, 0.01444583, 0.01688483, 0.01895048, 0.02348604, 0.02922791, 0.03627904, 0.04442166, 0.05244538, 0.05879049, 0.06242364, 0.05876112, 0.01894928]"
59,260560,260578,n,35,"[0.0002574261, 0.0002720484, 0.0002790791, 0.0002911472, 0.0003210629, 0.0003365883, 0.000353646, 0.0003747929, 0.0004040569, 0.0004377294, 0.0005154526, 0.0005898776, 0.0006960239, 0.0008987899, 0.001148799, 0.001517149, 0.002090707, 0.002758414, 0.003562434, 0.004693018, 0.006155261, 0.007960306, 0.01031071, 0.01313772, 0.01528702, 0.01705347, 0.02069489, 0.02511139, 0.02989621, 0.03483954, 0.03936388, 0.04220848, 0.04309314, 0.03873744, 0.008603158]"
60,260560,260579,n,35,"[7.362151e-06, 1.565932e-05, 2.107407e-05, 3.115677e-05, 5.961093e-05, 7.559132e-05, 9.36328e-05, 0.0001164493, 0.0001487544, 0.0001860559, 0.0002729587, 0.0003568058, 0.0004763904, 0.0007048275, 0.0009853167, 0.001394849, 0.002021753, 0.002746125, 0.003608204, 0.004800275, 0.006319839, 0.00816581, 0.0105263, 0.01331517, 0.01540322, 0.0171008, 0.02051711, 0.0245953, 0.02878207, 0.03281347, 0.03620685, 0.03747877, 0.03662103, 0.02986621, 0.005150523]"
61,260560,260580,n,34,"[7.306553e-06, 1.552539e-05, 2.087936e-05, 3.084228e-05, 5.891909e-05, 7.466961e-05, 9.244211e-05, 0.000114907, 0.0001466872, 0.0001833774, 0.0002687428, 0.0003510181, 0.0004681241, 0.0006912428, 0.0009644505, 0.001361586, 0.00196679, 0.002664936, 0.003495407, 0.00464374, 0.006108366, 0.007886713, 0.01015253, 0.01280511, 0.01477199, 0.01634944, 0.01942477, 0.02299526, 0.02626044, 0.02883966, 0.03048835, 0.02971841, 0.02698731, 0.01463506]"
62,260560,260581,n,34,"[0.0002528965, 0.0002666995, 0.0002733719, 0.0002848596, 0.0003135476, 0.0003285302, 0.0003450341, 0.0003655348, 0.0003939667, 0.0004266923, 0.00050222, 0.0005745351, 0.0006774718, 0.000873613, 0.001114742, 0.001468328, 0.002016431, 0.002653509, 0.003420564, 0.004499645, 0.0058963, 0.007619071, 0.009850808, 0.01250185, 0.01449184, 0.01609823, 0.01927732, 0.02300069, 0.02651268, 0.0294406, 0.03154024, 0.03153035, 0.02953386, 0.01508204]"
63,260560,260582,n,34,"[0.0001562076, 0.0001676742, 0.0001741314, 0.0001857266, 0.0002166704, 0.0002334602, 0.0002521668, 0.000275561, 0.0003081398, 0.0003456588, 0.0004317156, 0.0005136918, 0.0006288971, 0.0008447582, 0.001105222, 0.00147465, 0.002018226, 0.002635772, 0.003354613, 0.004319459, 0.005521005, 0.006938686, 0.008699169, 0.01070553, 0.01215673, 0.01330137, 0.01544468, 0.01785549, 0.01978634, 0.02094286, 0.02125773, 0.01954616, 0.01631064, 0.006330053]"
64,260560,260583,n,34,"[7.285731e-06, 1.547518e-05, 2.080635e-05, 3.072444e-05, 5.866076e-05, 7.432588e-05, 9.199864e-05, 0.0001143332, 0.0001459182, 0.0001823808, 0.0002671701, 0.0003488537, 0.0004650245, 0.000686133, 0.0009565995, 0.001349111, 0.001946364, 0.00263497, 0.003453998, 0.004586539, 0.006031251, 0.007784906, 0.01001525, 0.01261433, 0.01453212, 0.01606047, 0.01899477, 0.02235525, 0.025249, 0.02727689, 0.02830616, 0.02691939, 0.02327568, 0.007968086]"
65,260560,260584,n,34,"[0.0001545486, 0.0001655699, 0.0001718144, 0.0001830523, 0.0002131675, 0.0002295544, 0.0002478302, 0.0002706997, 0.0003025579, 0.0003392482, 0.0004233111, 0.0005033141, 0.0006154956, 0.0008250651, 0.001077182, 0.001433056, 0.001954382, 0.002545703, 0.003233739, 0.004157352, 0.005308334, 0.006665101, 0.00833849, 0.01021473, 0.01154732, 0.0125738, 0.01437972, 0.01629633, 0.01740249, 0.01743313, 0.01658652, 0.01395428, 0.009681423, 0.0006681904]"
66,260560,260585,n,34,"[1.40417e-06, 3.004431e-06, 4.054691e-06, 6.013528e-06, 1.155836e-05, 1.468311e-05, 1.822027e-05, 2.270955e-05, 2.911681e-05, 3.652469e-05, 5.399535e-05, 7.101711e-05, 9.561216e-05, 0.0001433779, 0.0002028536, 0.0002915854, 0.0004310932, 0.0005940558, 0.0007911114, 0.0010698, 0.001432274, 0.001883474, 0.002473539, 0.003180069, 0.00371388, 0.004143551, 0.004987834, 0.005964671, 0.006834697, 0.007498968, 0.0079582, 0.007964584, 0.006775955, 0.0004662652]"
67,260560,260586,n,34,"[0.0002486, 0.0002616178, 0.0002679546, 0.0002789028, 0.0003064679, 0.0003209579, 0.00033696, 0.0003568735, 0.0003845388, 0.0004163901, 0.0004898586, 0.0005601696, 0.0006600443, 0.000849835, 0.001082529, 0.001422351, 0.001947462, 0.002557219, 0.003291547, 0.004325273, 0.005663657, 0.007311162, 0.009426447, 0.01189099, 0.01370413, 0.01513061, 0.01778213, 0.02072213, 0.02289587, 0.02397559, 0.024145, 0.02243455, 0.01741789, 0.000911055]"
68,260560,260587,n,34,"[0.0001663785, 0.0001723897, 0.0001768389, 0.0001853836, 0.0002107309, 0.0002254175, 0.0002421941, 0.000263603, 0.0002942431, 0.0003296785, 0.0004124976, 0.0004926103, 0.0006065078, 0.0008231928, 0.001087734, 0.001470416, 0.002051261, 0.002720429, 0.003516568, 0.004619702, 0.006034164, 0.007767994, 0.0100186, 0.01270902, 0.0147417, 0.01638366, 0.01963741, 0.02339662, 0.02662476, 0.02870878, 0.02977211, 0.02919802, 0.02325218, 0.0004019453]"
69,260560,260588,n,34,"[7.203675e-06, 1.527656e-05, 2.051772e-05, 3.025908e-05, 5.764438e-05, 7.29769e-05, 9.026193e-05, 0.0001120901, 0.0001429144, 0.0001784905, 0.0002610155, 0.0003403593, 0.0004528142, 0.0006658915, 0.0009254458, 0.001299738, 0.001866453, 0.002518808, 0.003294752, 0.004368266, 0.005738019, 0.007396259, 0.009480559, 0.01184817, 0.01354778, 0.01485598, 0.01715139, 0.01957448, 0.02092426, 0.02091869, 0.01991481, 0.01691199, 0.01060027, 3.710539e-05]"
70,260560,260589,n,34,"[0.0002470738, 0.0002598108, 0.0002660297, 0.0002767896, 0.0003039652, 0.0003182857, 0.0003341147, 0.0003538248, 0.0003812222, 0.0004127676, 0.0004855108, 0.0005551123, 0.0006538975, 0.0008414165, 0.001071084, 0.001405988, 0.001923102, 0.002523475, 0.003246733, 0.004265243, 0.00558374, 0.00720465, 0.009276284, 0.01166778, 0.0134101, 0.01476464, 0.01720566, 0.01983936, 0.02153091, 0.02202842, 0.0216597, 0.01950593, 0.0129349, 2.149856e-05]"
71,260560,260590,n,33,"[0.0001652784, 0.0001637771, 0.0001647981, 0.0001675177, 0.0001785736, 0.0001858574, 0.0001944894, 0.0002057851, 0.000222405, 0.0002417052, 0.0002875118, 0.0003323644, 0.0003968641, 0.0005213783, 0.0006754602, 0.0009033732, 0.00125978, 0.001675471, 0.002178132, 0.002889668, 0.003816818, 0.004973112, 0.006493602, 0.008324875, 0.009715471, 0.01083429, 0.01302996, 0.01553746, 0.01757724, 0.01876434, 0.01932723, 0.01895668, 0.01185777]"
72,260560,260560,nc,33,"[0.2914385, 0.3487743, 0.3770664, 0.4255239, 0.5411099, 0.5954893, 0.653036, 0.7199618, 0.7931256, 0.8736982, 1.010357, 1.102406, 1.188627, 1.242465, 1.272142, 1.27567, 1.272062, 1.264379, 1.251731, 1.2297, 1.198428, 1.14876, 1.087328, 1.01074, 0.9488155, 0.8992077, 0.8031144, 0.6821903, 0.5411666, 0.4003443, 0.2658441, 0.1398647, 0.03020852]"
73,260560,260570,γ,175,"[0.000556345, 0.0006331518, 0.0006499873, 0.000669865, 0.0006874369, 0.0007060227, 0.0007090429, 0.0006939925, 0.0006807166, 0.0006667616, 0.0006374347, 0.0006109566, 0.0005783037, 0.0005276539, 0.0004781713, 0.0004349017, 0.0004049553, 0.0003837663, 0.0003692665, 0.0003716195, 0.0003905393, 0.0003986203, 0.0004126193, 0.0004335268, 0.0004513283, 0.0004658771, 0.0004953659, 0.0005309697, 0.0005769861, 0.000637682, 0.0007042509, 0.0007874979, 0.0008797646, 0.00100621, 0.001205598, 0.001461272, 0.001571267, 0.001645248, 0.001719123, 0.00174165, 0.001792628, 0.001743363, 0.001706937, 0.001693535, 0.001693507, 0.001696723, 0.001703032, 0.001719909, 0.001788547, 0.001734441, 0.001693291, 0.001665494, 0.001645236, 0.001632373, 0.00162944, 0.001636316, 0.001648166, 0.001667498, 0.001696746, 0.001737292, 0.001790063, 0.001914389, 0.002116613, 0.002436294, 0.003149034, 0.006400633, 0.008584202, 0.006945428, 0.004685422, 0.007115108, 0.007350897, 0.006164858, 0.004884692, 0.006114868, 0.005060496, 0.00531757, 0.005063839, 0.003546062, 0.002868317, 0.006261781, 0.006116073, 0.005204465, 0.006270806, 0.0002058321, 0.0002152078, 0.006787103, 0.007450671, 0.00341679, 0.005920123, 0.009151594, 0.005103318, 0.00673501, 0.007509676, 0.005486404, 0.008569072, 0.009484925, 0.003759423, 0.002243535, 0.00172664, 0.008651868, 0.00593223, 0.01240855, 0.001807328, 0.006961395, 0.008971056, 0.0178772, 0.005291586, 0.03541784, 0.01267895, 0.0003584423, 0.01332634, 0.00786967, 0.009508562, 0.008197795, 0.01091551, 0.02881246, 0.008653525, 0.05225415, 0.01822324, 0.006291371, 0.003288323, 0.002429828, 0.02061811, 0.001589613, 0.001303302, 0.0006959846, 0.0004366689, 0.0004717529, 0.0005643841, 0.0007457567, 0.001021354, 0.001325058, 0.001563771, 0.001785818, 0.002038745, 0.002248306, 0.002400729, 0.006013067, 0.003005912, 0.003760366, 0.005581804, 0.7181577, 0.008486896, 0.01044994, 0.01285879, 0.01562127, 0.01873696, 0.02223301, 0.02614114, 0.03050154, 0.03538032, 0.0408365, 0.04694129, 0.05380671, 0.0615161, 0.07019138, 0.07998369, 0.09101448, 0.103473, 0.1175648, 0.1334751, 0.1514891, 0.1718905, 0.1949326, 0.2210631, 0.2506852, 0.2841124, 0.3220309, 0.3648738, 0.4134485, 0.4685704, 0.5310373, 0.6018011, 1.158853, 2.415264]"
74,260560,250560,p,39,"[0.05858696, 0.07157095, 0.07727955, 0.08611204, 0.1021978, 0.1072273, 0.1109086, 0.1135827, 0.114231, 0.1144377, 0.1121299, 0.1077288, 0.1021286, 0.09309632, 0.08441145, 0.07661247, 0.06982124, 0.06389686, 0.05816828, 0.05223141, 0.04573715, 0.03931758, 0.03363539, 0.02831443, 0.02487228, 0.02220015, 0.01737362, 0.01170965, 0.006575153, 0.003430954, 0.001416008, 0.000649561, 0.0002497338, 7.160144e-05, 2.948795e-06, 9.066513e-09, 2.38504e-11, 1.03949e-11, 5.96419e-13]"
75,260560,250550,d,21,"[0.02358934, 0.01759785, 0.0157085, 0.01299343, 0.008567457, 0.00713202, 0.005951313, 0.004873752, 0.003994004, 0.00309099, 0.001813114, 0.001224101, 0.0006665186, 0.0002964052, 6.909602e-05, 1.25623e-05, 1.58787e-06, 5.72875e-07, 4.940136e-09, 1.73367e-11, 4.81298e-13]"
76,260560,250540,t,13,"[0.0007496522, 0.0001899726, 0.0001123452, 4.41053e-05, 3.714456e-06, 9.695009e-07, 2.25454e-07, 4.596615e-08, 1.079376e-08, 5.505869e-09, 1.85383e-14, 6.66418e-15, 1.22215e-16]"
77,260560,240540,3He,15,"[4.094764e-06, 2.350514e-07, 1.261138e-07, 4.475534e-08, 2.974642e-09, 6.90319e-10, 1.55459e-10, 3.74696e-11, 1.24642e-11, 6.36332e-12, 9.90191e-15, 7.96405e-15, 5.76492e-15, 2.95384e-15, 4.80871e-16]"
78,260560,240530,α,175,"[0.04298687, 0.04770181, 0.04857386, 0.04936604, 0.0489681, 0.04812925, 0.04706565, 0.04574964, 0.04427277, 0.04263141, 0.03980813, 0.03781218, 0.03538855, 0.03173567, 0.02810394, 0.02446101, 0.02096, 0.01779591, 0.01493692, 0.01250448, 0.01040146, 0.008502471, 0.006794641, 0.005262488, 0.004355907, 0.003710854, 0.002824384, 0.00187273, 0.001233875, 0.0007920144, 0.0004655372, 0.000273994, 0.0001439125, 5.537135e-05, 1.212806e-05, 2.555091e-06, 7.560779e-07, 3.391039e-07, 1.496382e-07, 6.291636e-08, 2.591604e-08, 1.208893e-08, 3.969634e-09, 2.542173e-09, 2.246654e-09, 1.971504e-09, 1.431738e-09, 5.81795e-10, 1.33603e-10, 5.27064e-11, 1.37306e-11, 5.46734e-12, 1.2811e-12, 3.57809e-13, 1.08161e-13, 3.09487e-14, 8.47152e-15, 2.55744e-15, 7.03883e-16, 1.82646e-16, 5.74964e-17, 8.51101e-18, 6.3705e-19, 1.84947e-19, 2.66881e-20, 1.00001e-20, 1.00002e-20, 1.00003e-20, 1.00005e-20, 1.00006e-20, 1.00006e-20, 1.00007e-20, 1.00008e-20, 1.00009e-20, 1.0001e-20, 1.00011e-20, 1.00012e-20, 1.00013e-20, 1.00014e-20, 1.00014e-20, 1.00015e-20, 1.00016e-20, 1.00017e-20, 1.00017e-20, 1.00017e-20, 1.00017e-20, 1.00017e-20, 1.00018e-20, 1.00018e-20, 1.00019e-20, 1.00019e-20, 1.00019e-20, 1.00019e-20, 1.0002e-20, 1.0002e-20, 1.0002e-20, 1.0002e-20, 1.00021e-20, 1.00021e-20, 1.00021e-20, 1.00021e-20, 1.00021e-20, 1.00022e-20, 1.00022e-20, 1.00022e-20, 1.00022e-20, 1.00023e-20, 1.00023e-20, 1.00023e-20, 1.00023e-20, 1.00023e-20, 1.00024e-20, 1.00024e-20, 1.00024e-20, 1.00024e-20, 1.00024e-20, 1.00024e-20, 1.00024e-20, 1.00024e-20, 1.00024e-20, 1.00024e-20, 1.00024e-20, 1.00024e-20, 1.00024e-20, 1.00025e-20, 1.00025e-20, 1.00025e-20, 1.00025e-20, 1.00025e-20, 1.00025e-20, 1.00025e-20, 1.00025e-20, 1.00025e-20, 1.00025e-20, 1.00025e-20, 1.00025e-20, 1.00025e-20, 1.00025e-20, 1.00025e-20, 1.00025e-20, 1.00025e-20, 1.00025e-20, 1.00025e-20, 1.00025e-20, 1.00025e-20, 1.00025e-20, 1.00025e-20, 1.00025e-20, 1.00025e-20, 1.00025e-20, 1.00025e-20, 1.00025e-20, 1.00025e-20, 1.00025e-20, 1.00025e-20, 1.00025e-20, 1.00025e-20, 1.00025e-20, 1.00025e-20, 1.00025e-20, 1.00025e-20, 1.00025e-20, 1.00025e-20, 1.00025e-20, 1.00025e-20, 1.00025e-20, 1.00025e-20, 1.00025e-20, 1.00025e-20, 1.00025e-20, 1.00035e-20, 1.00048e-20, 1.00058e-20, 1.00187e-20, 1.04021e-20]"
79,260560,220490,2α,19,"[2.377972e-09, 4.9344e-12, 3.54045e-13, 7.61796e-14, 1.93539e-16, 2.4593e-18, 1.87461e-19, 1.48177e-19, 1.38767e-19, 1.28725e-19, 1.11378e-19, 9.96023e-20, 8.62387e-20, 6.91564e-20, 5.29117e-20, 3.74463e-20, 2.23882e-20, 8.43619e-21, 1.31028e-22]"
80,260560,240550,2p,12,"[1.558531e-05, 1.402119e-06, 5.662184e-07, 1.489032e-07, 2.88205e-09, 1.24822e-10, 7.37953e-12, 9.45062e-13, 3.92837e-14, 3.02139e-14, 1.45467e-14, 3.91249e-15]"
81,260560,230520,pα,15,"[9.523448e-07, 8.170736e-09, 8.1463e-10, 1.75378e-10, 4.4651e-13, 2.8034e-15, 5.45982e-17, 2.97367e-18, 9.20566e-20, 8.04092e-20, 6.02892e-20, 4.66304e-20, 3.11301e-20, 1.13165e-20, 8.11376e-23]"
82,260560,240540,pd,4,"[1.344131e-07, 1.90322e-14, 9.00919e-15, 4.26939e-16]"
83,260560,230510,dα,4,"[1.44792e-16, 6.49269e-21, 3.56732e-21, 3.99544e-22]"
